# # q, Iq, dIq
1.000000000000000021e-03,4.208963667408528272e+04,2.027273282430400059e+03
1.849849849849849980e-03,4.359728829556139681e+04,5.137787311165504434e+03
2.699699699699699938e-03,4.007575236443922768e+04,1.189758530966682656e+03
3.549549549549549463e-03,4.182942316270861193e+04,5.611348886825997397e+03
4.399399399399398988e-03,3.461668316065044201e+04,-2.997623067333503514e+03
5.249249249249248947e-03,4.013444858583575115e+04,7.862297950392793609e+03
6.099099099099098906e-03,3.194504789853119291e+04,-1.518081336593685137e+03
6.948948948948948864e-03,3.295872115058905911e+04,3.168725605589677798e+03
7.798798798798798823e-03,2.715711473873407158e+04,-2.166170176437736245e+03
8.648648648648648782e-03,2.807780949693644288e+04,2.720522119013364318e+03
9.498498498498497006e-03,2.357481006362817789e+04,-4.532329138350715994e+02
1.034834834834834696e-02,2.256465335309160582e+04,1.626060777778628790e+03
1.119819819819819692e-02,1.868450599909797893e+04,-6.438508270598924810e+02
1.204804804804804688e-02,1.488471828059774816e+04,-2.890742341840818881e+03
1.289789789789789684e-02,1.326445952642742122e+04,-2.013273518262484913e+03
1.374774774774774680e-02,9.987431767377767756e+03,-3.806485176888499609e+03
1.459759759759759676e-02,1.027905014863837096e+04,-4.653652267525301340e+02
1.544744744744744672e-02,9.165239921752456212e+03,5.237300035846368473e+02
1.629729729729729668e-02,7.357037070046415465e+03,2.100812261709696429e+02
1.714714714714714663e-02,6.172504987219838767e+03,5.613195058252807712e+02
1.799699699699699659e-02,4.654049115453789454e+03,1.389925926241892569e+02
1.884684684684684655e-02,4.063895230448648363e+03,8.411635579395999684e+02
1.969669669669669651e-02,2.662948344880481272e+03,6.990463514857800931e+01
2.054654654654654647e-02,1.889527199811787796e+03,-1.529116893981261383e+00
2.139639639639639643e-02,1.393750518589573858e+03,1.218627299465275655e+02
2.224624624624624639e-02,7.625352639637058019e+02,-1.567369121677476187e+02
2.309609609609609635e-02,5.595156633224014513e+02,3.285604231164364109e+01
2.394594594594594630e-02,2.725784287847272935e+02,-5.188918381122106638e+01
2.479579579579579626e-02,1.599052704693382907e+02,1.903357557936399269e+00
2.564564564564564622e-02,7.619848793153059319e+01,1.018836641666528431e+00
2.649549549549549618e-02,4.968633850726274659e+01,1.095273971265428159e+01
2.734534534534534614e-02,5.695460442903246445e+01,1.759538050071613924e+01
2.819519519519519610e-02,7.061136914211408566e+01,-1.682019501711110587e+00
2.904504504504504606e-02,1.291079369477776879e+02,2.644507047391947197e+01
2.989489489489489601e-02,1.817229070028032254e+02,3.861739224735434561e+01
3.074474474474474597e-02,2.141996678792833109e+02,2.326854652911808685e+01
3.159459459459459246e-02,2.497366505314875269e+02,2.224750986771581296e+01
3.244444444444444242e-02,1.974374706646074742e+02,-9.627266813385799082e+01
3.329429429429429238e-02,3.321954738096932260e+02,8.233919401512885372e+01
3.414414414414414234e-02,2.802307760747264069e+02,-2.164526013247879632e+00
3.499399399399399230e-02,2.895294987991077278e+02,2.113318778316862279e+01
3.584384384384384226e-02,2.629684803433261777e+02,4.390981297281948414e+00
3.669369369369369221e-02,2.720786248664581990e+02,5.203000677986651823e+01
3.754354354354354217e-02,1.552787975827889682e+02,-8.156978714866507119e+01
3.839339339339339213e-02,1.655519468305134296e+02,-2.025320648257929079e+01
3.924324324324324209e-02,1.735698110702968506e+02,3.884737682826558114e+01
4.009309309309309205e-02,1.284512640824149230e+02,1.664242625991698787e+01
4.094294294294294201e-02,1.034644873727158370e+02,2.077270479721408236e+01
4.179279279279279197e-02,8.612554364694355513e+01,3.083454720151985740e+01
4.264264264264264193e-02,4.531957457553652091e+01,-9.130189873195623251e-01
4.349249249249249188e-02,3.120872954025844237e+01,2.937849724458135858e-01
4.434234234234234184e-02,2.198540174557580684e+01,1.796845359274784171e+00
4.519219219219219180e-02,1.891369412325032329e+01,5.994586462952129047e+00
4.604204204204204176e-02,1.372219954983741808e+01,1.329745295122686022e+00
4.689189189189189172e-02,1.164433908772216419e+01,-3.259836676623564689e+00
4.774174174174174168e-02,1.879395857091788713e+01,2.612616875996688126e+00
4.859159159159159164e-02,2.251680302133406997e+01,1.207857449087539781e+00
4.944144144144144160e-02,2.764836167410163625e+01,9.583394105995736156e-01
5.029129129129129155e-02,3.367114287020186936e+01,2.132306239510917134e+00
5.114114114114114151e-02,4.526447167600155552e+01,1.260626633376011263e+01
5.199099099099099147e-02,4.716005446101155485e+01,1.011649865514435298e+01
5.284084084084084143e-02,3.680850146789263988e+01,-8.753305608470924426e+00
5.369069069069069139e-02,4.099849995958317805e+01,-3.637626937709003805e+00
5.454054054054054135e-02,4.952757985336933189e+01,1.013764784614860659e+01
5.539039039039039131e-02,4.542021619532682308e+01,6.914488519110423503e+00
5.624024024024024127e-02,3.550181234403977726e+01,-3.396489936620812333e+00
5.709009009009009122e-02,2.830261541960812366e+01,-8.416449804228500753e+00
5.793993993993994118e-02,3.253057852439496145e+01,4.454976357000824727e+00
5.878978978978979114e-02,2.717773098975352042e+01,3.240427991856188683e+00
5.963963963963964110e-02,1.866299835541848395e+01,-2.865127267318462234e+00
6.048948948948949106e-02,1.653721611982168582e+01,9.175833012419430668e-02
6.133933933933934102e-02,1.563984516604708830e+01,4.078426397205560328e+00
6.218918918918919098e-02,1.106060925832662001e+01,1.530245142002335079e+00
6.303903903903904093e-02,5.652693414604607725e+00,-3.376295156119603735e+00
6.388888888888888395e-02,8.067451177080021907e+00,2.324241572094296604e+00
6.473873873873874085e-02,5.706838282084294001e+00,-1.956107066801425209e-01
6.558858858858858387e-02,5.633206798560804529e+00,-2.067263957100547722e-01
6.643843843843844077e-02,5.637283093209648932e+00,-8.396129397521676641e-01
6.728828828828828379e-02,6.092745711640713324e+00,-1.322020296272315765e+00
6.813813813813814069e-02,7.083909399018968323e+00,-1.306584176417342036e+00
6.898798798798798371e-02,7.559972255361368632e+00,-2.156943291286258280e+00
6.983783783783784060e-02,1.026521306283536816e+01,4.328342232972396952e-01
7.068768768768768362e-02,1.147264008331462826e+01,1.027517945485685313e+00
7.153753753753754052e-02,1.381113992919367561e+01,3.684151492937719485e+00
7.238738738738738354e-02,1.232903177042465970e+01,1.044082616765602989e+00
7.323723723723724044e-02,9.963626226519506801e+00,-2.462248437950024016e+00
7.408708708708708346e-02,1.013957024631331905e+01,-1.714073550739743323e+00
7.493693693693694036e-02,1.337272712490666216e+01,4.011842016762121155e+00
7.578678678678678338e-02,7.919803330240927863e+00,-2.976221876651020448e+00
7.663663663663664027e-02,8.477015346047284794e+00,-7.278063470955270509e-01
7.748648648648648329e-02,6.243820064193201347e+00,-2.545350371809883328e+00
7.833633633633634019e-02,5.609426202293347430e+00,-1.945624494106701574e+00
7.918618618618618321e-02,6.905894455892393147e+00,1.477591543483296022e+00
8.003603603603604011e-02,5.845042698961501415e+00,1.214966791686247216e+00
8.088588588588588313e-02,3.157020872785172294e+00,-1.696266065853288429e+00
8.173573573573574003e-02,4.426687412912803765e+00,1.084553353851927193e+00
8.258558558558558305e-02,3.466882649791623638e+00,2.618229363405826793e-01
8.343543543543543994e-02,3.504057509299879580e+00,6.808111299242567416e-01
8.428528528528528296e-02,3.538046095512866085e+00,8.645930758176018083e-01
8.513513513513513986e-02,2.949300780545532685e+00,-7.886280164421799466e-02
8.598498498498498288e-02,3.095323026891293683e+00,-6.645189560924648353e-02
8.683483483483483978e-02,3.929331028008665960e+00,8.834353239054336671e-01
8.768468468468468280e-02,3.765119395655086798e+00,2.937195990044294547e-01
8.853453453453453970e-02,4.230273905412968993e+00,6.544457667999479256e-01
8.938438438438438272e-02,2.855498435739987961e+00,-1.696510258098870683e+00
9.023423423423423961e-02,4.276736817331592277e+00,2.273518867982771696e-01
9.108408408408408263e-02,4.819301114069491021e+00,9.359353244294258412e-01
9.193393393393393953e-02,3.822590276541076637e+00,-5.508169774185258660e-01
9.278378378378378255e-02,3.385493645036288690e+00,-1.084360580430314691e+00
9.363363363363363945e-02,3.825660621035919196e+00,-1.974272126584056541e-01
9.448348348348348247e-02,4.176871648892482192e+00,6.438324313114330844e-01
9.533333333333333937e-02,3.408929278533128659e+00,-1.281341920906693688e-01
9.618318318318318239e-02,3.547163426940467268e+00,4.993273893800279639e-01
9.703303303303303928e-02,1.946966832396694436e+00,-1.466795701048302147e+00
9.788288288288288230e-02,2.771679584518741635e+00,1.937624688841136089e-01
9.873273273273273920e-02,2.676667768585334173e+00,4.424413091431529943e-01
9.958258258258258222e-02,2.097322262820144001e+00,-8.481185940890259567e-02
1.004324324324324391e-01,2.321679735043719273e+00,5.322322532902903358e-01
1.012822822822822821e-01,1.452304424951844641e+00,-5.587530326190456309e-01
1.021321321321321390e-01,1.783874230598411437e+00,8.359505160112064293e-02
1.029819819819819821e-01,1.534211702912298358e+00,-2.096686341684797505e-01
1.038318318318318390e-01,1.914080892002844703e+00,3.860315187345583765e-01
1.046816816816816820e-01,1.695052304153019884e+00,3.950232062430162477e-02
1.055315315315315389e-01,1.365842691470079195e+00,-5.029079838861081342e-01
1.063813813813813819e-01,1.822703997016307031e+00,1.170663171749948828e-01
1.072312312312312388e-01,1.526738277005099231e+00,-3.955409933808750056e-01
1.080810810810810818e-01,1.894842163406629476e+00,9.652905121904015173e-02
1.089309309309309387e-01,1.727681876502101588e+00,-1.960185975983907425e-01
1.097807807807807817e-01,1.678874634446860803e+00,-2.857519527565098860e-01
1.106306306306306247e-01,2.094267742267301280e+00,3.501761812689038744e-01
1.114804804804804816e-01,1.976948249630092302e+00,2.175617153676175086e-01
1.123303303303303247e-01,1.384728136654454156e+00,-5.983834435550565711e-01
1.131801801801801816e-01,2.169263246926330435e+00,6.760643203591502060e-01
1.140300300300300246e-01,1.508799572097484054e+00,-1.971966714756708261e-01
1.148798798798798815e-01,1.509130918331218041e+00,-6.604257315034030296e-02
1.157297297297297245e-01,1.475949485418679652e+00,2.103215139429606695e-02
1.165795795795795814e-01,1.211669681508724006e+00,-2.392532041522859587e-01
1.174294294294294244e-01,9.881854421322751048e-01,-4.453090239512434434e-01
1.182792792792792813e-01,1.090793674719708672e+00,-1.743767711500377737e-01
1.191291291291291243e-01,1.103721258388378201e+00,-5.395195133347537725e-02
1.199789789789789812e-01,1.008939484983366386e+00,-1.134106864707901813e-01
1.208288288288288242e-01,1.114919669928023938e+00,1.091439620440691066e-01
1.216786786786786811e-01,1.272853303838012318e+00,3.911139034527846281e-01
1.225285285285285242e-01,9.642447537456453333e-01,-4.340130127799848164e-02
1.233783783783783811e-01,1.186047027177072444e+00,3.038304992193103793e-01
1.242282282282282241e-01,1.055952692592980746e+00,1.127977593231365566e-01
1.250780780780780810e-01,7.003729590924264725e-01,-4.231141885727838781e-01
1.259279279279279240e-01,1.210981489495888797e+00,3.373757639238479378e-01
1.267777777777777670e-01,6.786615389102912399e-01,-4.659175716310099968e-01
1.276276276276276378e-01,9.137414313260097121e-01,-1.145234776034291940e-01
1.284774774774774808e-01,8.449602996910414721e-01,-2.130341031166799737e-01
1.293273273273273238e-01,8.952144200777136795e-01,-1.255829703127445407e-01
1.301771771771771669e-01,9.655412332306678724e-01,1.023010952004495695e-04
1.310270270270270376e-01,7.434330349351786493e-01,-3.047943144602980881e-01
1.318768768768768807e-01,9.720029914686419970e-01,7.366127107670304708e-02
1.327267267267267237e-01,8.460135004981838014e-01,-7.367298400827410054e-02
1.335765765765765667e-01,4.487325299842609416e-01,-6.235721942988063926e-01
1.344264264264264375e-01,7.533406981785046863e-01,-1.181629222134030904e-01
1.352762762762762805e-01,6.966843628165260149e-01,-1.541242817518068409e-01
1.361261261261261235e-01,6.419141256607074908e-01,-1.885751943518008122e-01
1.369759759759759665e-01,6.789796074250099567e-01,-8.820162518835605869e-02
1.378258258258258373e-01,8.779304053546794773e-01,2.507938708481988743e-01
1.386756756756756803e-01,7.135158718226606300e-01,3.965518748222977841e-02
1.395255255255255233e-01,5.930668064813450213e-01,-1.110780370346794027e-01
1.403753753753753664e-01,6.540790958165919600e-01,4.797055008302363727e-03
1.412252252252252371e-01,5.350623238919555158e-01,-1.546190060189610027e-01
1.420750750750750802e-01,6.771350424092985598e-01,7.300203087408996261e-02
1.429249249249249232e-01,4.564914452649350141e-01,-2.471638420255674040e-01
1.437747747747747662e-01,6.760215372944553547e-01,9.024801051053070455e-02
1.446246246246246370e-01,6.258567454544238240e-01,2.151822941953995469e-02
1.454744744744744800e-01,6.388181843588962572e-01,4.693009080070709160e-02
1.463243243243243230e-01,4.687379736469524105e-01,-2.018231306544122083e-01
1.471741741741741660e-01,5.950232181678302146e-01,-4.851211143380054595e-03
1.480240240240240368e-01,6.343257154480116400e-01,6.339697908994902653e-02
1.488738738738738798e-01,6.174238879553174408e-01,4.943535073411300940e-02
1.497237237237237228e-01,6.193716672525797495e-01,6.596207043192044150e-02
1.505735735735735659e-01,5.687713405302239345e-01,5.784358015071599211e-03
1.514234234234234366e-01,5.307809225561236355e-01,-3.364045633445529593e-02
1.522732732732732797e-01,5.303232044267208734e-01,-1.535058229944504839e-02
1.531231231231231227e-01,5.219007631733806329e-01,-8.109831876645486742e-03
1.539729729729729657e-01,5.509412792419460247e-01,5.566020732327275206e-02
1.548228228228228365e-01,4.731795005416514766e-01,-4.099859056071235991e-02
1.556726726726726795e-01,4.660184326321283876e-01,-3.249585342148950812e-02
1.565225225225225225e-01,6.143013243301540527e-01,2.080007115751081326e-01
1.573723723723723655e-01,4.209578541298771848e-01,-6.543967877509077047e-02
1.582222222222222363e-01,3.908073356398077958e-01,-9.579107319858579106e-02
1.590720720720720793e-01,4.511665201134312242e-01,7.845100622121500833e-03
1.599219219219219223e-01,5.087364460716206072e-01,1.055644003919278540e-01
1.607717717717717654e-01,4.590504720642314407e-01,4.081683608516301770e-02
1.616216216216216361e-01,3.441198234758094388e-01,-1.231461203691119333e-01
1.624714714714714792e-01,3.953921404699209941e-01,-3.885947918479183000e-02
1.633213213213213222e-01,4.427438145105002665e-01,3.881595060326106794e-02
1.641711711711711652e-01,4.015471576930056963e-01,-1.673322776026200595e-02
1.650210210210210082e-01,3.529552733149388111e-01,-8.347086064095478319e-02
1.658708708708708790e-01,3.829895662498020714e-01,-3.210105042991837077e-02
1.667207207207207220e-01,4.541432513192673048e-01,8.132137738220522605e-02
1.675705705705705650e-01,3.972597325893243991e-01,3.198774809057177738e-03
1.684204204204204081e-01,3.838644655450627607e-01,-9.114959784519569702e-03
1.692702702702702788e-01,4.579042725164529370e-01,1.102970904976177946e-01
1.701201201201201219e-01,3.959374409336958167e-01,2.620767659085955145e-02
1.709699699699699649e-01,4.485747768529966262e-01,1.144187096756852373e-01
1.718198198198198079e-01,2.641042253790529815e-01,-1.527872976073890721e-01
1.726696696696696787e-01,2.921717314719156633e-01,-1.011100768514939102e-01
1.735195195195195217e-01,2.040735318112191499e-01,-2.237773412835366571e-01
1.743693693693693647e-01,3.379375626458128168e-01,-1.375814828098968767e-02
1.752192192192192077e-01,3.571820545471552366e-01,2.393717788487068066e-02
1.760690690690690785e-01,4.213801479211162770e-01,1.285630560739653705e-01
1.769189189189189215e-01,2.537074497722177080e-01,-1.151844660066487086e-01
1.777687687687687645e-01,3.768329553137481081e-01,7.667057457967928202e-02
1.786186186186186076e-01,3.381906315824571019e-01,2.528988602444246295e-02
1.794684684684684783e-01,3.251908730080038668e-01,1.183357204636242312e-02
1.803183183183183214e-01,3.204547193677600991e-01,1.030460286643532057e-02
1.811681681681681644e-01,3.451921247553663141e-01,5.260783481459125471e-02
1.820180180180180074e-01,3.005346572887735990e-01,-9.460004332274719180e-03
1.828678678678678782e-01,3.441590279922845386e-01,6.071605788693269778e-02
1.837177177177177212e-01,3.522333033428413640e-01,7.748051577673353840e-02
1.845675675675675642e-01,2.825330281933021714e-01,-2.242500324366987832e-02
1.854174174174174072e-01,2.858318386476632056e-01,-1.278051506400749819e-02
1.862672672672672780e-01,3.765649865619271064e-01,1.281049985700981608e-01
1.871171171171171210e-01,2.547854056002739620e-01,-4.967282416332793882e-02
1.879669669669669640e-01,3.117451735085682296e-01,4.075987847162034633e-02
1.888168168168168071e-01,2.455178736111658377e-01,-5.350825491353455865e-02
1.896666666666666778e-01,3.066097794772860707e-01,4.324714938384620344e-02
1.905165165165165209e-01,2.582771344640594213e-01,-2.413301987387308362e-02
1.913663663663663639e-01,2.234502461067406354e-01,-7.130017875721907095e-02
1.922162162162162069e-01,2.474722391384420739e-01,-3.028516890444765686e-02
1.930660660660660777e-01,2.439117887195289269e-01,-3.077508986931205837e-02
1.939159159159159207e-01,2.836407341799848658e-01,3.350621627219618759e-02
1.947657657657657637e-01,1.768086866846970695e-01,-1.222379741920552598e-01
1.956156156156156067e-01,2.143649449926198769e-01,-6.159363827452753876e-02
1.964654654654654775e-01,2.873445740556045958e-01,5.199273796600686198e-02
1.973153153153153205e-01,1.450265620143080247e-01,-1.575499425547566557e-01
1.981651651651651636e-01,1.879961918561696421e-01,-8.932589417188376013e-02
1.990150150150150066e-01,2.410851527318931820e-01,-6.064790472128165147e-03
1.998648648648648773e-01,3.382069714345686817e-01,1.431287219434839164e-01
2.007147147147147204e-01,2.779750932720414514e-01,5.619960788453665090e-02
2.015645645645645634e-01,2.991788224194818491e-01,9.135417517379570973e-02
2.024144144144144064e-01,2.373196309725100206e-01,1.862890189128418731e-03
2.032642642642642772e-01,2.771851133777248899e-01,6.492029335858494343e-02
2.041141141141141202e-01,2.415722113993388487e-01,1.472947852207518935e-02
2.049639639639639632e-01,3.437838524705211229e-01,1.712473066127680466e-01
2.058138138138138062e-01,2.813550713895576205e-01,8.077435620544842765e-02
2.066636636636636770e-01,2.246865815800971333e-01,-1.093584380583216076e-03
2.075135135135135200e-01,1.573362840686705622e-01,-9.902691890801251784e-02
2.083633633633633631e-01,3.713310667457426772e-01,2.250068189314354816e-01
2.092132132132132061e-01,2.824503338783316275e-01,9.466949586414369344e-02
2.100630630630630769e-01,2.715871321612643996e-01,8.129505170150602700e-02
2.109129129129129199e-01,1.319624231465223452e-01,-1.252884450850085818e-01
2.117627627627627629e-01,9.925865170573999752e-02,-1.715581720228782359e-01
2.126126126126126059e-01,1.880828882469085528e-01,-3.560193206816093109e-02
2.134624624624624767e-01,3.446899986895187729e-01,2.019661935175185441e-01
2.143123123123123197e-01,2.365447414855785246e-01,4.234835033712121277e-02
2.151621621621621627e-01,1.706799227588898515e-01,-5.390062652549616057e-02
2.160120120120120057e-01,2.263191115865370306e-01,3.206007025846510650e-02
2.168618618618618765e-01,2.571385273335864974e-01,8.074934443813282237e-02
2.177117117117117195e-01,1.582205557470919288e-01,-6.520606755987293224e-02
2.185615615615615626e-01,2.030809022514875328e-01,4.468823459298309694e-03
2.194114114114114056e-01,2.683578906028844524e-01,1.047311530123081341e-01
2.202612612612612486e-01,1.211619449973442286e-01,-1.137553784644482341e-01
2.211111111111111194e-01,2.220537886107606662e-01,3.984720154100095113e-02
2.219609609609609624e-01,1.940662069118330724e-01,8.434537663729000669e-05
2.228108108108108054e-01,2.270827645222609770e-01,5.177770013289553080e-02
2.236606606606606484e-01,1.683098661895573722e-01,-3.426616745635766709e-02
2.245105105105105192e-01,2.056234134699945204e-01,2.376476192624018755e-02
2.253603603603603622e-01,1.939139972888630770e-01,8.206144856344216310e-03
2.262102102102102053e-01,1.490236581876761002e-01,-5.717738717714624525e-02
2.270600600600600483e-01,1.634167672882868294e-01,-3.368592927480489052e-02
2.279099099099099190e-01,1.682245311528157150e-01,-2.461778421693508467e-02
2.287597597597597621e-01,1.549434488963067347e-01,-4.272220068763262629e-02
2.296096096096096051e-01,2.051180316280563076e-01,3.432414735664802985e-02
2.304594594594594481e-01,2.224843707818424665e-01,6.213188546564020476e-02
2.313093093093093189e-01,1.619426667521318142e-01,-2.694289303837199556e-02
2.321591591591591619e-01,2.124582420770468882e-01,5.055234170742965022e-02
2.330090090090090049e-01,2.009911481369609509e-01,3.506055001746524041e-02
2.338588588588588479e-01,2.300647113390132947e-01,8.036770577090997236e-02
2.347087087087087187e-01,2.203537990707502281e-01,6.748516351945291203e-02
2.355585585585585617e-01,1.282793120821763000e-01,-6.895842902342542990e-02
2.364084084084084048e-01,1.577695574287713010e-01,-2.307471313107347516e-02
2.372582582582582478e-01,1.053869059648120804e-01,-1.000251308765428560e-01
2.381081081081081186e-01,2.016229760681528538e-01,4.592244002318279783e-02
2.389579579579579616e-01,1.372766521994474853e-01,-4.903867312321544270e-02
2.398078078078078046e-01,1.823847728471618135e-01,2.014266436354232234e-02
2.406576576576576476e-01,1.820645551999174883e-01,2.113949971783806586e-02
2.415075075075075184e-01,1.548145150557281302e-01,-1.830150919824191300e-02
2.423573573573573614e-01,2.662481995776848631e-01,1.502406427446743298e-01
2.432072072072072044e-01,2.667104627250705406e-01,1.522856670386631694e-01
2.440570570570570474e-01,1.593969934022378965e-01,-7.368962125253824408e-03
2.449069069069069182e-01,1.979318539974270763e-01,5.171791100174338851e-02
2.457567567567567612e-01,1.570042193874076619e-01,-8.414265472428638509e-03
2.466066066066066043e-01,2.207367995259992000e-01,8.842433109380479217e-02
2.474564564564564473e-01,1.208915943750757116e-01,-6.011801630221477039e-02
2.483063063063063181e-01,1.580631780030042621e-01,-3.145122454167934359e-03
2.491561561561561611e-01,1.357300241321670597e-01,-3.543628447880797783e-02
2.500060060060059763e-01,1.614580256495411481e-01,4.358772223629666341e-03
2.508558558558558471e-01,2.025540174107716140e-01,6.720012030302144335e-02
2.517057057057057179e-01,2.286716306715900759e-01,1.075665232052571696e-01
2.525555555555555332e-01,1.654603638882561345e-01,1.392930525961191997e-02
2.534054054054054039e-01,2.393424189724520645e-01,1.259179909314042112e-01
2.542552552552552747e-01,9.607427267668496029e-02,-8.783687590192094941e-02
2.551051051051050900e-01,1.288811281786249319e-01,-3.750156563951183297e-02
2.559549549549549607e-01,1.944755731484299477e-01,6.198928780281735135e-02
2.568048048048048315e-01,1.253757779570535968e-01,-4.058962523469634986e-02
2.576546546546546468e-01,1.553661246491202796e-01,5.436931660884596930e-03
2.585045045045045176e-01,1.648290742531475506e-01,2.064268215233546963e-02
2.593543543543543328e-01,2.143752514970249656e-01,9.594495549353644626e-02
2.602042042042042036e-01,1.498265627022377644e-01,7.921085375137562146e-05
2.610540540540540744e-01,1.046515763710397506e-01,-6.674816797421094516e-02
2.619039039039038896e-01,1.176016403478017530e-01,-4.640606409265787824e-02
2.627537537537537604e-01,2.120108982225531458e-01,9.611097999263394642e-02
2.636036036036036312e-01,7.509423304166006063e-02,-1.083707437016661751e-01
2.644534534534534465e-01,1.637330967329287679e-01,2.547425387418232254e-02
2.653033033033033172e-01,4.798763210156289927e-02,-1.472614607240129714e-01
2.661531531531531325e-01,2.127302917558434037e-01,1.007319912288267699e-01
2.670030030030030033e-01,1.196607760298931400e-01,-3.799585999096641992e-02
2.678528528528528740e-01,2.281409057641871907e-01,1.255965390107923185e-01
2.687027027027026893e-01,1.578756749958352135e-01,2.106452599289115185e-02
2.695525525525525601e-01,1.791978710968102906e-01,5.390443291313868485e-02
2.704024024024024309e-01,1.477361675495340865e-01,7.556070110718439425e-03
2.712522522522522461e-01,1.603834783638640182e-01,2.735563032303284237e-02
2.721021021021021169e-01,1.297889606980573707e-01,-1.772594747763819867e-02
2.729519519519519322e-01,8.561830274297053955e-02,-8.319223630232855382e-02
2.738018018018018029e-01,1.406686949559662614e-01,1.513645077254439323e-04
2.746516516516516737e-01,1.086095088443035372e-01,-4.719122673744344937e-02
2.755015015015014890e-01,5.202144963089869178e-02,-1.313480327159010919e-01
2.763513513513513598e-01,8.991561195093644709e-02,-7.380053290381093090e-02
2.772012012012011750e-01,1.100568418737003923e-01,-4.289881822713505904e-02
2.780510510510510458e-01,1.629982812775577772e-01,3.718995281027496352e-02
2.789009009009009166e-01,1.529383932807045210e-01,2.276677511845325019e-02
2.797507507507507318e-01,1.413654307390282139e-01,6.067172513477016131e-03
2.806006006006006026e-01,5.409342968954820863e-02,-1.241851149911977342e-01
2.814504504504504734e-01,1.530772127848689101e-01,2.494412646005825934e-02
2.823003003003002886e-01,1.389666525052370705e-01,4.430811588467476782e-03
2.831501501501501594e-01,1.044948609911890980e-01,-4.662523201089370517e-02
2.839999999999999747e-01,1.312340809263687902e-01,-5.866400247468629703e-03
2.848498498498498455e-01,8.820266468890922140e-02,-6.976672207796209835e-02
2.856996996996997162e-01,1.003148367720789746e-01,-5.095701502419621581e-02
2.865495495495495315e-01,1.227209920243595570e-01,-1.671418098499869928e-02
2.873993993993994023e-01,1.734591342685428417e-01,6.001623616176476883e-02
2.882492492492492731e-01,1.649616744489774967e-01,4.788052947371512769e-02
2.890990990990990883e-01,1.564116816061583704e-01,3.565145506507064882e-02
2.899489489489489591e-01,1.056514027269821882e-01,-3.990879556701983771e-02
2.907987987987987744e-01,1.098104121417548540e-01,-3.310625439056589375e-02
2.916486486486486451e-01,9.438451544668088888e-02,-5.569678936051974949e-02
2.924984984984985159e-01,1.196226216701000572e-01,-1.730585078486653744e-02
2.933483483483483312e-01,1.437547727763328897e-01,1.941344038923054419e-02
2.941981981981982019e-01,1.434525242862120520e-01,1.947066922421012911e-02
2.950480480480480727e-01,8.911437138571223771e-02,-6.153396790203037592e-02
2.958978978978978880e-01,9.903028085589640761e-02,-4.616311318529960767e-02
2.967477477477477588e-01,1.581961470776688528e-01,4.307920124291889086e-02
2.975975975975975740e-01,1.583656587643625102e-01,4.382515471437602173e-02
2.984474474474474448e-01,1.540618337823040362e-01,3.786029790759784519e-02
2.992972972972973156e-01,1.629439235957481913e-01,5.167383670187927769e-02
3.001471471471471308e-01,1.244569648971125403e-01,-5.567038171423940862e-03
3.009969969969970016e-01,1.225992654527907760e-01,-7.865847696068142825e-03
3.018468468468468724e-01,1.159105615440376852e-01,-1.741445139033434564e-02
3.026966966966966877e-01,8.662604468220098941e-02,-6.086182422137691173e-02
3.035465465465465584e-01,1.281279773270114775e-01,1.863575263167249188e-03
3.043963963963963737e-01,1.059477592918088434e-01,-3.094288464846364772e-02
3.052462462462462445e-01,1.445562716025435290e-01,2.742369793481836543e-02
3.060960960960961152e-01,1.435809380600610863e-01,2.640350240900952300e-02
3.069459459459459305e-01,1.151064018967050406e-01,-1.587690204543739519e-02
3.077957957957958013e-01,1.045278118667454514e-01,-3.132459296444958796e-02
3.086456456456456721e-01,1.903893677965223241e-01,9.787749340666035414e-02
3.094954954954954873e-01,9.971809591804617345e-02,-3.772886473164634158e-02
3.103453453453453581e-01,9.582613177582917363e-02,-4.317388842520340775e-02
3.111951951951951734e-01,1.671918082571950404e-01,6.426166393412342803e-02
3.120450450450450441e-01,1.324783134373322402e-01,1.257430020626414471e-02
3.128948948948949149e-01,1.339546710461298196e-01,1.516908892912185308e-02
3.137447447447447302e-01,1.934104338701713721e-01,1.047315486798568590e-01
3.145945945945946010e-01,1.218932279055221918e-01,-2.166145494295639538e-03
3.154444444444444717e-01,1.683562417249484522e-01,6.790601375612878576e-02
3.162942942942942870e-01,1.007240086192247724e-01,-3.316546248486322568e-02
3.171441441441441578e-01,1.104893415591727684e-01,-1.814210357820021657e-02
3.179939939939939730e-01,1.988903609031062447e-01,1.148321636385970790e-01
3.188438438438438438e-01,1.440509739140132806e-01,3.294187149858280456e-02
3.196936936936937146e-01,1.135608988813383846e-01,-1.242979457250981308e-02
3.205435435435435299e-01,1.321639128931452190e-01,1.583153632837653452e-02
3.213933933933934006e-01,7.961860592144225091e-02,-6.263730185193781830e-02
3.222432432432432714e-01,1.525023512268184334e-01,4.702906029845558417e-02
3.230930930930930867e-01,1.731790335097383171e-01,7.837619525835963497e-02
3.239429429429429574e-01,7.128221833220405035e-02,-7.414534048326942850e-02
3.247927927927927727e-01,1.593627739603112603e-01,5.829140279421692744e-02
3.256426426426426435e-01,1.503340542479413844e-01,4.505747208413683064e-02
3.264924924924925143e-01,1.442060204677900748e-01,3.616908587356247595e-02
3.273423423423423295e-01,1.128612824126479647e-01,-1.054843859399317435e-02
3.281921921921922003e-01,1.302620448903092087e-01,1.584958902256038138e-02
3.290420420420420156e-01,1.247152450218716596e-01,7.824797392479156469e-03
3.298918918918918863e-01,9.896368698538146602e-02,-3.050766554441988396e-02
3.307417417417417571e-01,1.447816918475683390e-01,3.851425300894736198e-02
3.315915915915915724e-01,8.070365327967088387e-02,-5.730770405639178111e-02
3.324414414414414431e-01,8.222605303575483693e-02,-5.472908374669073484e-02
3.332912912912913139e-01,1.178460472597389619e-01,-1.004802143026619146e-03
3.341411411411411292e-01,7.578015744718016866e-02,-6.381102727997303714e-02
3.349909909909910000e-01,1.311469582739713258e-01,1.952896330052040358e-02
3.358408408408408152e-01,1.041832214651253474e-01,-2.063087318223744138e-02
3.366906906906906860e-01,1.673558808206341286e-01,7.440873514470178196e-02
3.375405405405405568e-01,7.318111069042514127e-02,-6.657888522764621175e-02
3.383903903903903720e-01,1.165230458976811573e-01,-1.298173784923375550e-03
3.392402402402402428e-01,1.416982614097128390e-01,3.672545033373969536e-02
3.400900900900901136e-01,1.126538473228023834e-01,-6.587271397250128203e-03
3.409399399399399289e-01,1.456944572659603088e-01,4.322112238643797955e-02
3.417897897897897996e-01,2.022134093882819172e-01,1.282414122372653176e-01
3.426396396396396149e-01,1.029510363941749523e-01,-2.041486180013948187e-02
3.434894894894894857e-01,1.560042143234729450e-01,5.939878522609420147e-02
3.443393393393393564e-01,1.111086897512023469e-01,-7.712845031501091089e-03
3.451891891891891717e-01,1.778983844898188171e-01,9.270220524441755150e-02
3.460390390390390425e-01,8.580607595051238656e-02,-4.520603336188904614e-02
3.468888888888889133e-01,8.892567445956106598e-02,-4.029612129067812465e-02
3.477387387387387285e-01,1.248218162201967379e-01,1.377913159740991496e-02
3.485885885885885993e-01,1.454363105815053292e-01,4.493232524781978071e-02
3.494384384384384146e-01,1.017872069946533092e-01,-2.030990531431886570e-02
3.502882882882882853e-01,9.259278922769974274e-02,-3.387084077797286596e-02
3.511381381381381561e-01,1.518010364586153127e-01,5.517059817934733684e-02
3.519879879879879714e-01,8.975348297508821405e-02,-3.767425868726521215e-02
3.528378378378378422e-01,9.976152760227859073e-02,-2.243926033356087243e-02
3.536876876876877129e-01,1.137166798311634586e-01,-1.287963958777840799e-03
3.545375375375375282e-01,9.992924153857146718e-02,-2.175552702478131609e-02
3.553873873873873990e-01,9.342570211408292302e-02,-3.130255354973489335e-02
3.562372372372372142e-01,1.697690278007969178e-01,8.341537079230448848e-02
3.570870870870870850e-01,9.856920088721432549e-02,-2.318651421668321486e-02
3.579369369369369558e-01,1.207869797987446842e-01,1.033346359711154183e-02
3.587867867867867711e-01,1.299197936110801366e-01,2.422219016467433775e-02
3.596366366366366418e-01,1.076299569879230617e-01,-9.025992957834313643e-03
3.604864864864865126e-01,1.601217114323312263e-01,6.989618162017299796e-02
3.613363363363363279e-01,9.004593548502162759e-02,-3.503412043142103277e-02
3.621861861861861986e-01,1.244987532263888280e-01,1.682799336566398463e-02
3.630360360360360139e-01,1.171712796805761819e-01,6.019693460771439672e-03
3.638858858858858847e-01,1.050701167040580530e-01,-1.194887094906826354e-02
3.647357357357357555e-01,1.453986305067904161e-01,4.872732910862954958e-02
3.655855855855855707e-01,1.520996574663295853e-01,5.896227452782445977e-02
3.664354354354354415e-01,1.246497243661476018e-01,1.797026840503949258e-02
3.672852852852853123e-01,1.030004212789096957e-01,-1.432194314464403651e-02
3.681351351351351275e-01,8.742636626081691509e-02,-3.750314798146370948e-02
3.689849849849849983e-01,1.074157871412388388e-01,-7.341713271630145171e-03
3.698348348348348136e-01,1.401929305450241026e-01,4.199810716689942464e-02
3.706846846846846844e-01,8.104371394382932359e-02,-4.655528116555729401e-02
3.715345345345345551e-01,6.209571451973970591e-02,-7.481078045772993068e-02
3.723843843843843704e-01,1.162888402754021500e-01,6.641432713499341271e-03
3.732342342342342412e-01,1.424859442473715709e-01,4.609582998158796158e-02
3.740840840840841119e-01,5.093213785379521741e-02,-9.107952240763300678e-02
3.749339339339339272e-01,8.014187599122515882e-02,-4.711238136537725107e-02
3.757837837837837980e-01,1.151631477583107965e-01,5.569897273067721082e-03
3.766336336336336132e-01,9.872937126915960759e-02,-1.893187033013640427e-02
3.774834834834834840e-01,5.909994508879251596e-02,-7.822794175933535377e-02
3.783333333333333548e-01,8.941246041342405804e-02,-3.261139672124779842e-02
3.791831831831831701e-01,1.055851363857650549e-01,-8.204537450855925104e-03
3.800330330330330408e-01,7.774773812374939641e-02,-4.981254632484972272e-02
3.808828828828829116e-01,9.155900449188140999e-02,-2.894735679338769976e-02
3.817327327327327269e-01,1.074490880354526251e-01,-4.963983076197726885e-03
3.825825825825825977e-01,1.281595681919078522e-01,2.624953150119307618e-02
3.834324324324324129e-01,1.081142044474170810e-01,-3.671706270687969276e-03
3.842822822822822837e-01,1.101109893778431659e-01,-5.312984079073678574e-04
3.851321321321321545e-01,7.664069578301664631e-02,-5.059366827399609107e-02
3.859819819819819697e-01,3.575499345748330005e-02,-1.117818206432935474e-01
3.868318318318318405e-01,1.116863460485490872e-01,2.252559513380907995e-03
3.876816816816816558e-01,1.204009961929666250e-01,1.545862599780479206e-02
3.885315315315315265e-01,1.734395895927600961e-01,9.514732995129515647e-02
3.893813813813813973e-01,4.034458167392457328e-02,-1.043674685916202161e-01
3.902312312312312126e-01,7.119784375980450775e-02,-5.796261058944553179e-02
3.910810810810810834e-01,1.488343920983061230e-01,5.861491805660890703e-02
3.919309309309309541e-01,8.171801845347390070e-02,-4.193861917576947873e-02
3.927807807807807694e-01,2.771474838788172412e-02,-1.228235819637265996e-01
3.936306306306306402e-01,6.220793451642607497e-02,-7.096437513550674092e-02
3.944804804804804554e-01,7.393211010770872615e-02,-5.325872550280712214e-02
3.953303303303303262e-01,1.595165467036452622e-01,7.523760793487069276e-02
3.961801801801801970e-01,1.315376100198059894e-01,3.338933654432352932e-02
3.970300300300300123e-01,1.287165489141966213e-01,2.927831259107186931e-02
3.978798798798798830e-01,1.041297740282627754e-01,-7.481046293190732853e-03
3.987297297297297538e-01,1.790051014234335380e-01,1.049526332665470796e-01
3.995795795795795691e-01,7.363249670417909565e-02,-5.298616301527578343e-02
4.004294294294294398e-01,1.161856439441381339e-01,1.096256770450928890e-02
4.012792792792792551e-01,9.033483584051278659e-02,-2.769626255344732890e-02
4.021291291291291259e-01,7.381335401653192629e-02,-5.236320594008470053e-02
4.029789789789789967e-01,7.185467168400154481e-02,-5.518842506642515633e-02
4.038288288288288119e-01,6.981535566590618691e-02,-5.813730180211629239e-02
4.046786786786786827e-01,9.733742810019307967e-02,-1.674687186694574781e-02
4.055285285285285535e-01,9.160251915691741686e-02,-2.524459030615237506e-02
4.063783783783783687e-01,1.432881614846426288e-01,5.238609799705234993e-02
4.072282282282282395e-01,1.084768731480953985e-01,2.693545364092451164e-04
4.080780780780780548e-01,1.267234355893074593e-01,2.773782318705122346e-02
4.089279279279279256e-01,1.196731482633952015e-01,1.725996300682069648e-02
4.097777777777777963e-01,1.154383056060099000e-01,1.100471161690931045e-02
4.106276276276276116e-01,9.993118637707128216e-02,-1.215908027910647497e-02
4.114774774774774824e-01,1.188986226626537190e-01,1.638916279247579905e-02
4.123273273273273531e-01,1.321000313441445806e-01,3.628875834080549229e-02
4.131771771771771684e-01,7.651365220572171888e-02,-4.699289212816252365e-02
4.140270270270270392e-01,1.364430313052161503e-01,4.299942273967454626e-02
4.148768768768768544e-01,1.777839933374044668e-01,1.051091990343958754e-01
4.157267267267267252e-01,1.154009418728638575e-01,1.163269776381239094e-02
4.165765765765765960e-01,9.909952522419865351e-02,-1.272201647875744780e-02
4.174264264264264113e-01,1.386396918129081113e-01,4.668455303572493359e-02
4.182762762762762820e-01,8.053691625879792759e-02,-4.037477946866491890e-02
4.191261261261261528e-01,9.997532657269538048e-02,-1.112414940529428756e-02
4.199759759759759681e-01,6.588157822468024283e-02,-6.217379711669767522e-02
4.208258258258258389e-01,1.172800970003478466e-01,1.501281820753037552e-02
4.216756756756756541e-01,8.012382738849688213e-02,-4.063485091380096559e-02
4.225255255255255249e-01,1.490934830263067334e-01,6.290442905291319942e-02
4.233753753753753957e-01,7.583635434240015849e-02,-4.689813556216064494e-02
4.242252252252252109e-01,1.197392542896981438e-01,1.903802236181508997e-02
4.250750750750750817e-01,1.100149364100789923e-01,4.532419806700857361e-03
4.259249249249249525e-01,1.389936807476235547e-01,4.808086124582141435e-02
4.267747747747747677e-01,9.817258541540618832e-02,-1.307066400219706118e-02
4.276246246246246385e-01,7.441817547112652975e-02,-4.862210298738516706e-02
4.284744744744744538e-01,4.191157016366485466e-02,-9.730161376420584651e-02
4.293243243243243246e-01,9.630427351642899259e-02,-1.563189348316594562e-02
4.301741741741741953e-01,7.080639623316473119e-02,-5.379784672382281058e-02
4.310240240240240106e-01,1.132326291859955952e-01,9.922386170332772246e-03
4.318738738738738814e-01,1.166942628166156848e-01,1.519548075953868621e-02
4.327237237237237522e-01,9.817930410728581414e-02,-1.249686498518856430e-02
4.335735735735735674e-01,5.864513031370868074e-02,-7.171891404714243745e-02
4.344234234234234382e-01,8.915546783111978624e-02,-2.587538500621969217e-02
4.352732732732732535e-01,1.000946708387255302e-01,-9.389999984597470831e-03
4.361231231231231242e-01,1.357111376799912394e-01,4.410966744052871591e-02
4.369729729729729950e-01,1.063146946113406183e-01,8.828597582733939701e-05
4.378228228228228103e-01,6.277935281288231362e-02,-6.514309093062541078e-02
4.386726726726726810e-01,8.578660518460233531e-02,-3.056208467517872521e-02
4.395225225225224963e-01,1.136059771321629303e-01,1.123581889341342469e-02
4.403723723723723671e-01,7.127156749189916818e-02,-5.219794405323237990e-02
4.412222222222222379e-01,7.760327876521068424e-02,-4.263320119285250731e-02
4.420720720720720531e-01,1.279929487214506445e-01,3.301811927148801812e-02
4.429219219219219239e-01,1.530384881147386356e-01,7.065316194330978350e-02
4.437717717717717947e-01,1.173767707374860497e-01,1.722745045358649654e-02
4.446216216216216099e-01,1.317866778973908470e-01,3.890943272361045702e-02
4.454714714714714807e-01,1.528129331069629226e-01,7.051622113955886839e-02
4.463213213213212960e-01,1.277291977846313209e-01,3.295823496791266960e-02
4.471711711711711668e-01,3.742044653837166279e-02,-1.024372271599226919e-01
4.480210210210210375e-01,1.263976044235758378e-01,3.109598772858781363e-02
4.488708708708708528e-01,1.553557433881014305e-01,7.460020807362972850e-02
4.497207207207207236e-01,8.717430003363520197e-02,-2.760570465774724730e-02
4.505705705705705943e-01,1.210447041756497755e-01,2.326511890204736172e-02
4.514204204204204096e-01,1.154462195030959981e-01,1.493134674970023057e-02
4.522702702702702804e-01,1.209025406988059603e-01,2.317836551714191548e-02
4.531201201201200957e-01,9.925361289710647739e-02,-9.233973930747379696e-03
4.539699699699699664e-01,1.231871043796393256e-01,2.672585941663527601e-02
4.548198198198198372e-01,7.540907562418955323e-02,-4.488292298100612226e-02
4.556696696696696525e-01,1.631262975403743043e-01,8.675003521160132292e-02
4.565195195195195232e-01,6.031879445654331900e-02,-6.740497140607497328e-02
4.573693693693693940e-01,6.374517094800558059e-02,-6.220974665413717131e-02
4.582192192192192093e-01,8.616534886546958760e-02,-2.852411708069416477e-02
4.590690690690690801e-01,1.212894500017036303e-01,2.421736243503367497e-02
4.599189189189188953e-01,6.601605956632788930e-02,-5.863722236170115787e-02
4.607687687687687661e-01,7.659537119222467605e-02,-4.271244780243928230e-02
4.616186186186186369e-01,6.438850117656760852e-02,-6.096659307652470966e-02
4.624684684684684521e-01,1.607347221568441176e-01,8.360920735310597984e-02
4.633183183183183229e-01,1.285062204186468160e-01,3.532310615490018985e-02
4.641681681681681937e-01,1.028808753373958024e-01,-3.058272716515278433e-03
4.650180180180180090e-01,1.063850766005736692e-01,2.254413648387789890e-03
4.658678678678678797e-01,2.886599691636469733e-02,-1.139683375378835184e-01
4.667177177177176950e-01,5.875128007438425171e-02,-6.908531475203384675e-02
4.675675675675675658e-01,1.346669866428636952e-01,4.484235299422528048e-02
4.684174174174174365e-01,1.501387208604658963e-01,6.810290904097063280e-02
4.692672672672672518e-01,9.981016574800716246e-02,-7.338212039610162579e-03
4.701171171171171226e-01,1.097996574037251455e-01,7.696485303636235384e-03
4.709669669669669934e-01,1.337541710720414334e-01,4.367753638350067857e-02
4.718168168168168086e-01,9.335398345564491218e-02,-1.687449900165490305e-02
4.726666666666666794e-01,1.325601940167162596e-01,4.198222929519455915e-02
4.735165165165164947e-01,8.117923460895309917e-02,-3.504239538744666899e-02
4.743663663663663654e-01,1.121006243891151666e-01,1.138615109705408412e-02
4.752162162162162362e-01,9.839310669839886059e-02,-9.128786215919454036e-03
4.760660660660660515e-01,9.200856158657756689e-02,-1.865919569429740771e-02
4.769159159159159223e-01,1.209855344171577307e-01,2.485287525742935558e-02
4.777657657657657930e-01,5.934679791813651795e-02,-6.755834887945329215e-02
4.786156156156156083e-01,7.531414840692890467e-02,-4.356018202613497203e-02
4.794654654654654791e-01,1.649543605995748008e-01,9.094745893557147631e-02
4.803153153153152943e-01,1.029011658109293403e-01,-2.084967963245074486e-03
4.811651651651651651e-01,1.622752920423739809e-01,8.702344699865537103e-02
4.820150150150150359e-01,6.604691826341593797e-02,-5.727223251473565618e-02
4.828648648648648511e-01,1.451553347863283328e-01,6.143672438818278958e-02
4.837147147147147219e-01,1.807610387840802302e-01,1.148908812733927393e-01
4.845645645645645927e-01,1.264170241778586334e-01,3.341958849140322374e-02
4.854144144144144080e-01,1.003692786869700843e-01,-5.608256844933671471e-03
4.862642642642642787e-01,1.444256722083616384e-01,6.051912980763422129e-02
4.871141141141140940e-01,7.825234138664567685e-02,-3.869900165847958706e-02
4.879639639639639648e-01,9.302224608067719003e-02,-1.650310724221148995e-02
4.888138138138138356e-01,8.296490959489642714e-02,-3.154875065605403789e-02
4.896636636636636508e-01,1.124274126672329122e-01,1.268487068120054649e-02
4.905135135135135216e-01,4.754240978235516751e-02,-8.460306975709776245e-02
4.913633633633633369e-01,1.196208440627104519e-01,2.355402414475946463e-02
4.922132132132132076e-01,2.723776805621354324e-02,-1.149811167565730069e-01
4.930630630630630784e-01,1.089361853763231441e-01,7.606120035045078019e-03
4.939129129129128937e-01,1.661262181540829053e-01,9.343096939937300949e-02
4.947627627627627644e-01,6.756225059455234216e-02,-5.437500034126110937e-02
4.956126126126126352e-01,9.762894095248811355e-02,-9.234867221057615691e-03
4.964624624624624505e-01,4.217399400265910148e-02,-9.237718852224460764e-02
4.973123123123123213e-01,7.314169461759276181e-02,-4.588568684092686478e-02
4.981621621621621365e-01,4.681452114373187839e-02,-8.533681282838412319e-02
4.990120120120120073e-01,1.100674180800454982e-01,9.581682746693787750e-03
4.998618618618618781e-01,9.352301920984515404e-02,-1.519639771597351349e-02
5.007117117117116933e-01,3.446754896259934808e-02,-1.037418303402343062e-01
5.015615615615615086e-01,5.251937900584765367e-02,-7.662712265687060542e-02
5.024114114114114349e-01,1.492010952386148559e-01,6.843159382078251030e-02
5.032612612612612502e-01,8.143386174459386895e-02,-3.318388950849646135e-02
5.041111111111110654e-01,6.695456653581347006e-02,-5.486814475110748934e-02
5.049609609609609917e-01,1.117068089106565826e-01,1.229436309994310327e-02
5.058108108108108070e-01,1.246595753787269889e-01,3.175727542646818169e-02
5.066606606606606222e-01,4.142124328166845587e-02,-9.306667180568481412e-02
5.075105105105105485e-01,2.925934420960193960e-02,-1.112760208730392830e-01
5.083603603603603638e-01,1.329066621221977329e-01,4.422853812807453489e-02
5.092102102102101790e-01,1.455637383747007407e-01,6.324791102386782826e-02
5.100600600600601053e-01,5.416530230100292942e-02,-7.381576396285284558e-02
5.109099099099099206e-01,9.756465275239119272e-02,-8.682547959321862061e-03
5.117597597597597359e-01,1.169802753760719183e-01,2.047522613733727959e-02
5.126096096096096622e-01,1.014317467146828716e-01,-2.813183049824907571e-03
5.134594594594594774e-01,1.041573663125883731e-01,1.309534585686892866e-03
5.143093093093092927e-01,7.144087622007755378e-02,-4.773116494129204385e-02
5.151591591591591079e-01,7.952519751009061444e-02,-3.557105803667526267e-02
5.160090090090090342e-01,-6.166495918877759608e-03,-1.640755259991165671e-01
5.168588588588588495e-01,1.072542174570503826e-01,6.087952162034015319e-03
5.177087087087086648e-01,6.367489283313407245e-02,-5.924935961611789426e-02
5.185585585585585910e-01,1.226071335017881042e-01,2.917992420700453796e-02
5.194084084084084063e-01,4.581760146848075366e-02,-8.597417153197048356e-02
5.202582582582582216e-01,1.506723453132323975e-01,7.133750549177625411e-02
5.211081081081081479e-01,1.238904857468234311e-01,3.119375490274893872e-02
5.219579579579579631e-01,2.173065022133932045e-01,1.713464410401348281e-01
5.228078078078077784e-01,1.197827859294706698e-01,2.508930742066985478e-02
5.236576576576577047e-01,7.898557160291663770e-02,-3.607814177206813966e-02
5.245075075075075199e-01,1.545704581271624134e-01,7.732762396533332527e-02
5.253573573573573352e-01,1.343081563330392192e-01,4.696276999217656456e-02
5.262072072072072615e-01,4.176319269919440136e-02,-9.182585737419007854e-02
5.270570570570570768e-01,1.281932726313007587e-01,3.784830915656990646e-02
5.279069069069068920e-01,7.502692978257916034e-02,-4.187196807614230326e-02
5.287567567567567073e-01,8.846702861813188212e-02,-2.168247283365248856e-02
5.296066066066066336e-01,6.587173636636817209e-02,-5.554606774195539748e-02
5.304564564564564488e-01,1.083508182765499928e-01,8.201761164539815921e-03
5.313063063063062641e-01,2.414410741212082157e-02,-1.180793764045022093e-01
5.321561561561561904e-01,7.737149637230555932e-02,-3.820977260163482131e-02
5.330060060060060056e-01,9.064916093307966161e-02,-1.826527237405911608e-02
5.338558558558558209e-01,1.550822934790034302e-01,7.841183768423634626e-02
5.347057057057057472e-01,4.962967657541352690e-02,-7.974030301809822974e-02
5.355555555555555625e-01,1.589907999235213309e-01,8.432754925088427334e-02
5.364054054054053777e-01,4.002582164631558748e-02,-9.409431725912617561e-02
5.372552552552553040e-01,9.697989847203650204e-02,-8.638080591776186451e-03
5.381051051051051193e-01,1.226184842554584875e-01,2.984455298313628754e-02
5.389549549549549345e-01,1.066355533536698930e-01,5.894671782426594633e-03
5.398048048048048608e-01,1.153512943436106053e-01,1.899268583832124449e-02
5.406546546546546761e-01,8.479274385975738015e-02,-2.682073554790800202e-02
5.415045045045044914e-01,1.241131121927707276e-01,3.218431302269653821e-02
5.423543543543543066e-01,1.871802244429276729e-01,1.268096260320127622e-01
5.432042042042042329e-01,7.950006183387423042e-02,-3.468580603473139096e-02
5.440540540540540482e-01,1.396472803605288138e-01,5.555998039064906358e-02
5.449039039039038634e-01,6.379108339699030017e-02,-5.819926584897330141e-02
5.457537537537537897e-01,1.329926161988490840e-01,4.562808814073814057e-02
5.466036036036036050e-01,1.228212440904862118e-01,3.039598653479665818e-02
5.474534534534534203e-01,8.885410973479904162e-03,-1.404830156901124283e-01
5.483033033033033465e-01,7.864598452605997547e-02,-3.581772267576274760e-02
5.491531531531531618e-01,4.777279610702842017e-02,-8.210347634461462318e-02
5.500030030030029771e-01,8.869260622515987014e-02,-2.070019872600314947e-02
5.508528528528529034e-01,1.357644774587228875e-01,4.993067390231396147e-02
5.517027027027027186e-01,1.730886143707421609e-01,1.059394537326720370e-01
5.525525525525525339e-01,1.103197142340526654e-01,1.180822648263854004e-02
5.534024024024023491e-01,1.124722455450294367e-01,1.505876442886649839e-02
5.542522522522522754e-01,9.136850323783364536e-02,-1.657539864550310743e-02
5.551021021021020907e-01,7.112182462053390219e-02,-4.692415366390598197e-02
5.559519519519519060e-01,3.445015802618325851e-02,-1.019104745196598855e-01
5.568018018018018322e-01,1.447469387402282870e-01,6.355588467696438038e-02
5.576516516516516475e-01,9.403517620285659073e-02,-1.249048943808173454e-02
5.585015015015014628e-01,1.706323793973306413e-01,1.024267110979530382e-01
5.593513513513513891e-01,1.333455050656713325e-01,4.651793351085837386e-02
5.602012012012012043e-01,9.501383587435381639e-02,-1.095791930200450646e-02
5.610510510510510196e-01,9.200791316966300259e-02,-1.544508688388134682e-02
5.619009009009009459e-01,1.275008293336792609e-01,3.781599332734610075e-02
5.627507507507507611e-01,8.557903936591325367e-02,-2.504508804092629715e-02
5.636006006006005764e-01,1.157557504879315607e-01,2.024138232501141235e-02
5.644504504504505027e-01,7.275691877190491874e-02,-4.423575390274319535e-02
5.653003003003003180e-01,1.252978841142041444e-01,3.459643585734516885e-02
5.661501501501501332e-01,1.022857623575337688e-01,9.857165884532130573e-05
5.669999999999999485e-01,7.518590949553383140e-02,-4.053133687601705171e-02
5.678498498498498748e-01,1.829657692397620716e-01,1.211578834011175776e-01
5.686996996996996900e-01,1.593527394296572475e-01,8.575736795599665785e-02
5.695495495495495053e-01,1.448549335030692720e-01,6.402935264258827197e-02
5.703993993993994316e-01,9.900982772526921438e-02,-4.719862429726132298e-03
5.712492492492492469e-01,8.983211429534976311e-02,-1.846814228769353902e-02
5.720990990990990621e-01,1.669317131444766900e-01,9.719949045574395596e-02
5.729489489489489884e-01,7.630766315167601677e-02,-3.871831773418684536e-02
5.737987987987988037e-01,7.893910618864022344e-02,-3.475278434373667985e-02
5.746486486486486189e-01,1.295834522168576308e-01,4.123224975137197018e-02
5.754984984984985452e-01,1.175467204548752420e-01,2.319582769431689437e-02
5.763483483483483605e-01,6.326727289820763267e-02,-5.820452424337012320e-02
5.771981981981981757e-01,1.075240461840125950e-01,8.199553228758650961e-03
5.780480480480481020e-01,4.661048423444787842e-02,-8.315184351037592514e-02
5.788978978978979173e-01,1.597988316487078397e-01,8.664956664309594880e-02
5.797477477477477326e-01,5.608224927492023310e-02,-6.890656794950769659e-02
5.805975975975975478e-01,8.416244638954623047e-02,-2.676777357855727318e-02
5.814474474474474741e-01,6.094533436596190346e-02,-6.157526124991050120e-02
5.822972972972972894e-01,4.693279900971954882e-02,-8.257626011944174671e-02
5.831471471471471046e-01,1.254874985815730704e-01,3.527318540687904985e-02
5.839969969969970309e-01,8.944472648882173527e-02,-1.877398720748698832e-02
5.848468468468468462e-01,1.021979367360663360e-01,3.724295596576797048e-04
5.856966966966966615e-01,8.635683519209153003e-02,-2.337295282768328542e-02
5.865465465465465877e-01,1.253772820148958689e-01,3.517372898204057519e-02
5.873963963963964030e-01,6.200876471605569484e-02,-5.986320791071365888e-02
5.882462462462462183e-01,1.750274248767508256e-02,-1.266064851083274212e-01
5.890960960960961446e-01,1.013465820076538820e-01,-8.249684063439799821e-04
5.899459459459459598e-01,1.314300620982335188e-01,4.431608070403811328e-02
5.907957957957957751e-01,7.870482130597111770e-02,-3.475583050089633280e-02
5.916456456456457014e-01,1.039214119214116189e-01,3.085150425277441780e-03
5.924954954954955166e-01,1.189065489071154252e-01,2.557909259112667311e-02
5.933453453453453319e-01,9.684139435165232956e-02,-7.502290570927275942e-03
5.941951951951951472e-01,4.791237437711166891e-02,-8.087941223259204060e-02
5.950450450450450735e-01,8.399128586546268649e-02,-2.674464607430634966e-02
5.958948948948948887e-01,1.474927135684196700e-01,6.852380701151677966e-02
5.967447447447447040e-01,6.762716092717574456e-02,-5.125837642088679896e-02
5.975945945945946303e-01,1.496376924152617582e-01,7.177332947047823652e-02
5.984444444444444455e-01,1.246508981402079108e-01,3.430875406886264856e-02
5.992942942942942608e-01,5.191523779602146699e-02,-7.477944815358000819e-02
6.001441441441441871e-01,1.271589891536196726e-01,3.810112842577157571e-02
6.009939939939940023e-01,1.551620901983989387e-01,8.012040450976724848e-02
6.018438438438438176e-01,7.540639342654484323e-02,-3.949880458247543441e-02
6.026936936936937439e-01,1.457182859133308028e-01,6.598313689612507471e-02
6.035435435435435592e-01,1.052374960049228397e-01,5.275888982774821871e-03
6.043933933933933744e-01,1.285272230350999467e-01,4.022432320850009846e-02
6.052432432432431897e-01,1.000638125196023215e-01,-2.456972373177065613e-03
6.060930930930931160e-01,1.904906575138434199e-01,1.331971515287085350e-01
6.069429429429429312e-01,7.009956048529111805e-02,-4.737555785705258732e-02
6.077927927927927465e-01,1.179427810652795838e-01,2.440331199976054563e-02
6.086426426426426728e-01,4.396399591917842659e-02,-8.655072325974792757e-02
6.094924924924924881e-01,9.556393314239973458e-02,-9.136592841241582275e-03
6.103423423423423033e-01,1.263012614556275059e-01,3.698366580058951025e-02
6.111921921921922296e-01,5.362735535860823494e-02,-7.201294048361792099e-02
6.120420420420420449e-01,1.064878928707985312e-01,7.292042367125302696e-03
6.128918918918918601e-01,1.070829313248043424e-01,8.198636381233713466e-03
6.137417417417417864e-01,8.870854443610806661e-02,-1.934910577129543910e-02
6.145915915915916017e-01,9.547148809560533633e-02,-9.191095777592434707e-03
6.154414414414414169e-01,7.961239009995761673e-02,-3.296642019933192225e-02
6.162912912912913432e-01,1.014913959737841070e-01,-1.348687846766836930e-04
6.171411411411411585e-01,1.122372354499077407e-01,1.599666598120379549e-02
6.179909909909909738e-01,1.604709108965740871e-01,8.835971996911769211e-02
6.188408408408407890e-01,1.962869700804685813e-01,1.420961629187842135e-01
6.196906906906907153e-01,5.682250594200946581e-02,-6.708830719948177812e-02
6.205405405405405306e-01,1.518546476008393320e-01,7.547206594064943819e-02
6.213903903903903458e-01,1.257461161336344835e-01,3.632142392114482560e-02
6.222402402402402721e-01,9.718633104217516694e-02,-6.506053138847201454e-03
6.230900900900900874e-01,7.924517381371939950e-03,-1.403864912790152020e-01
6.239399399399399027e-01,9.886421594947664149e-02,-3.964561199645093119e-03
6.247897897897898289e-01,5.986153627271327549e-02,-6.245610057911087781e-02
6.256396396396396442e-01,8.255236426881784606e-02,-2.840730220536305181e-02
6.264894894894894595e-01,8.720861215456542082e-02,-2.141033663180827440e-02
6.273393393393393858e-01,7.078413568441233039e-02,-4.603447200931003180e-02
6.281891891891892010e-01,8.690492731639767876e-02,-2.184077867456969343e-02
6.290390390390390163e-01,6.634839692609866002e-02,-5.266320167782441442e-02
6.298888888888889426e-01,9.417524619467140812e-02,-1.091074274792614048e-02
6.307387387387387578e-01,1.235623242255801113e-01,3.318182895069859972e-02
6.315885885885885731e-01,5.118913857984102450e-02,-7.536625205890969126e-02
6.324384384384383884e-01,6.439344695368567906e-02,-5.554835720239557906e-02
6.332882882882883147e-01,9.859706339647243689e-02,-4.231753690959636285e-03
6.341381381381381299e-01,9.636201633729629679e-02,-7.573368729082649749e-03
6.349879879879879452e-01,1.288410904416726621e-01,4.115602008717173660e-02
6.358378378378378715e-01,1.550232851893556252e-01,8.043996786921775444e-02
6.366876876876876867e-01,9.952519321144148723e-02,-2.796575895083200630e-03
6.375375375375375020e-01,9.158796139694537486e-02,-1.469183196405991938e-02
6.383873873873874283e-01,3.633492070249799699e-02,-9.756075269179335929e-02
6.392372372372372435e-01,1.878580138526593224e-01,1.297346143113806971e-01
6.400870870870870588e-01,1.990602805620055593e-01,1.465488501928338128e-01
6.409369369369369851e-01,1.797921324179190261e-01,1.176575751413388576e-01
6.417867867867868004e-01,1.696095741062009221e-01,1.023947801596601648e-01
6.426366366366366156e-01,1.206820808479743545e-01,2.901464511530349108e-02
6.434864864864865419e-01,1.210811829532608408e-01,2.962441920839834625e-02
6.443363363363363572e-01,5.771801161385056028e-02,-6.540925535874508867e-02
6.451861861861861724e-01,7.781774180884867831e-02,-3.524867323592718177e-02
6.460360360360359877e-01,9.491081675912252380e-02,-9.598223262767895461e-03
6.468858858858859140e-01,6.259368697280734417e-02,-5.806327435335709164e-02
6.477357357357357293e-01,4.877897713513174027e-02,-7.877492062155394548e-02
6.485855855855855445e-01,7.869449286679741640e-02,-3.389146817141262813e-02
6.494354354354354708e-01,1.268843447519151513e-01,3.840325224770912982e-02
6.502852852852852861e-01,6.395096797107512054e-02,-5.598708588697508259e-02
6.511351351351351013e-01,1.408011876258618567e-01,5.929779074357605789e-02
6.519849849849850276e-01,1.622385298725100289e-01,9.146321810922519724e-02
6.528348348348348429e-01,2.683479229527967191e-02,-1.116330545913431921e-01
6.536846846846846582e-01,1.850856181612504092e-01,1.257524909166650162e-01
6.545345345345345844e-01,6.351981864444530834e-02,-5.658688017940093073e-02
6.553843843843843997e-01,1.400876691521533157e-01,5.827428382097452758e-02
6.562342342342342150e-01,1.218190112448711421e-01,3.088077023634373808e-02
6.570840840840840302e-01,6.785529195409387149e-02,-5.005524130296058749e-02
6.579339339339339565e-01,6.970820775759284382e-02,-4.726621346726318784e-02
6.587837837837837718e-01,7.753671032743301994e-02,-3.551374144097205199e-02
6.596336336336335870e-01,1.109171831643985667e-01,1.456671478188432262e-02
6.604834834834835133e-01,8.233861860760041673e-02,-2.829140006372859659e-02
6.613333333333333286e-01,8.010294496244031726e-02,-3.163524097261109780e-02
6.621831831831831439e-01,9.483159209506437926e-02,-9.532709129876542134e-03
6.630330330330330701e-01,8.538927944763863298e-02,-2.368676499184053930e-02
6.638828828828828854e-01,1.754755887217855082e-01,1.114519348688459977e-01
6.647327327327327007e-01,1.216115722640158658e-01,3.066495327885419842e-02
6.655825825825826270e-01,4.513307967901217244e-02,-8.404393616325438188e-02
6.664324324324324422e-01,2.275800801107423499e-02,-1.175978739775382781e-01
6.672822822822822575e-01,1.441220284667343865e-01,6.445667354654875669e-02
6.681321321321321838e-01,1.410997518059560196e-01,5.993165934025406621e-02
6.689819819819819990e-01,1.436942759157640304e-01,6.383177280934342057e-02
6.698318318318318143e-01,1.417207334846813105e-01,6.087975668391930328e-02
6.706816816816816296e-01,3.966629356189883132e-02,-9.219359535231447245e-02
6.715315315315315559e-01,1.427519645115789826e-01,6.244326151786763757e-02
6.723813813813813711e-01,1.273310899643729510e-01,3.932036382871077762e-02
6.732312312312311864e-01,9.986847910776189274e-02,-1.865066822283569870e-03
6.740810810810811127e-01,8.617605159799704428e-02,-2.239515703320831691e-02
6.749309309309309279e-01,1.263372133868388703e-01,3.785518302691874559e-02
6.757807807807807432e-01,1.433214565084955372e-01,6.334016158078373260e-02
6.766306306306306695e-01,1.667726645974003108e-01,9.852556693727941572e-02
6.774804804804804848e-01,1.287351498413817630e-01,4.147782709400942708e-02
6.783303303303303000e-01,1.668284324181008860e-02,-1.265922004021675096e-01
6.791801801801802263e-01,6.714447968790344945e-02,-5.089144656003375539e-02
6.800300300300300416e-01,1.317990393530640847e-01,4.609853478830113621e-02
6.808798798798798568e-01,5.712518833175537353e-02,-6.590426945058636132e-02
6.817297297297297831e-01,1.008297865370178653e-01,-3.395684806022827959e-04
6.825795795795795984e-01,-1.547802603050485448e-04,-1.518087696838880396e-01
6.834294294294294136e-01,1.118774168804636121e-01,1.624704581484608459e-02
6.842792792792792289e-01,1.196077906335621249e-01,2.785003123125695187e-02
6.851291291291291552e-01,1.174956308097942353e-01,2.468916053844463776e-02
6.859789789789789705e-01,1.478549383944297024e-01,7.023547531329513149e-02
6.868288288288287857e-01,8.691344422796787317e-02,-2.116939152176579644e-02
6.876786786786787120e-01,1.454692940260111922e-01,6.667180794060577342e-02
6.885285285285285273e-01,1.927492476120771236e-01,1.375992323531398942e-01
6.893783783783783425e-01,1.813639697646709514e-01,1.205288854215961908e-01
6.902282282282282688e-01,1.080844396912914313e-01,1.061722948039411918e-02
6.910780780780780841e-01,1.217379380682201695e-01,3.110516680364075123e-02
6.919279279279278994e-01,1.770797514055865163e-01,1.141255982022188892e-01
6.927777777777778256e-01,6.141795262331661148e-02,-5.935940299026169764e-02
6.936276276276276409e-01,1.568449350927043628e-01,8.378871400191378882e-02
6.944774774774774562e-01,9.100399408299884862e-02,-1.496514625428814471e-02
6.953273273273273825e-01,7.345065772880322863e-02,-4.128772489164827392e-02
6.961771771771771977e-01,8.609007276265320807e-02,-2.232132663455725988e-02
6.970270270270270130e-01,7.879887397070874100e-02,-3.325101302074922466e-02
6.978768768768768282e-01,1.044920034135583681e-01,5.295627843652612847e-03
6.987267267267267545e-01,1.787684955710288626e-01,1.167171590943750503e-01
6.995765765765765698e-01,1.265601670275892376e-01,3.841132840993935482e-02
7.004264264264263851e-01,6.354020679818891959e-02,-5.611204890747343438e-02
7.012762762762763113e-01,1.205978776338597624e-01,2.948095870011662595e-02
7.021261261261261266e-01,1.584893358836754473e-01,8.632462495123799373e-02
7.029759759759759419e-01,2.613432585031952304e-02,-1.122013967797202000e-01
7.038258258258258682e-01,8.711941494236551120e-02,-2.071722449819595607e-02
7.046756756756756834e-01,7.274589683897338122e-02,-4.227089594180426929e-02
7.055255255255254987e-01,8.768112719760490226e-02,-1.986136713642215959e-02
7.063753753753754250e-01,9.548808553477758365e-02,-8.144170500268244420e-03
7.072252252252252402e-01,7.428186669048128521e-02,-3.994667729664434785e-02
7.080750750750750555e-01,7.083451809336704930e-02,-4.511084016095544963e-02
7.089249249249248708e-01,1.441904123073626809e-01,6.492986833992139828e-02
7.097747747747747971e-01,7.250655797277290315e-02,-4.258907450103403824e-02
7.106246246246246123e-01,1.714113190026723688e-01,1.057748410396014555e-01
7.114744744744744276e-01,9.596866157800616748e-02,-7.382468619075221311e-03
7.123243243243243539e-01,8.643725903561511048e-02,-2.167301965543130468e-02
7.131741741741741691e-01,1.388392064414459282e-01,5.693631364405334072e-02
7.140240240240239844e-01,1.223656172389224334e-01,3.223219547684716413e-02
7.148738738738739107e-01,1.136995831072502433e-01,1.923926876616053466e-02
7.157237237237237260e-01,1.711498908781199646e-01,1.054207297945774224e-01
7.165735735735735412e-01,1.308556130384014027e-01,4.498521211648479068e-02
7.174234234234234675e-01,7.686926092176520064e-02,-3.598848638627726026e-02
7.182732732732732828e-01,1.004829179534731526e-01,-5.622069583652517313e-04
7.191231231231230980e-01,5.631728611832140241e-02,-6.680486382082621855e-02
7.199729729729730243e-01,1.439807095091297229e-01,6.469608774705758181e-02
7.208228228228228396e-01,8.064824497308684115e-02,-3.029674552311239014e-02
7.216726726726726548e-01,1.537749005502715427e-01,7.939916067125042665e-02
7.225225225225224701e-01,6.082334271033341261e-02,-6.002219202689017957e-02
7.233723723723723964e-01,1.152524473091063179e-01,2.162750182630627724e-02
7.242222222222222117e-01,1.424227670891225206e-01,6.238905384306631802e-02
7.250720720720720269e-01,1.526196370813897030e-01,7.769044197902541526e-02
7.259219219219219532e-01,5.545894207427931599e-02,-6.804453547058467167e-02
7.267717717717717685e-01,1.434637877852685262e-01,6.396875009160518655e-02
7.276216216216215837e-01,1.060475678757774182e-01,7.850361356357249409e-03
7.284714714714715100e-01,5.031480576142387251e-02,-7.574293919378231876e-02
7.293213213213213253e-01,6.448989616124042867e-02,-5.447457457849400053e-02
7.301711711711711406e-01,1.504524116196794548e-01,7.447480799807511265e-02
7.310210210210210668e-01,9.874175299627085955e-02,-3.085686583723945293e-03
7.318708708708708821e-01,7.728722874540064347e-02,-3.526208294918365543e-02
7.327207207207206974e-01,1.420380116751784327e-01,6.186939842318418120e-02
7.335705705705706237e-01,6.639676501119351482e-02,-5.158722199281498555e-02
7.344204204204204389e-01,8.831127740834454620e-02,-1.871023309170146906e-02
7.352702702702702542e-01,1.422280455375729558e-01,6.217013766883185133e-02
7.361201201201200695e-01,1.287437337448035513e-01,4.194891077843765359e-02
7.369699699699699957e-01,9.443424977376591034e-02,-9.510034302875905454e-03
7.378198198198198110e-01,1.410208373724884667e-01,6.037517789205669450e-02
7.386696696696696263e-01,1.258916689865242355e-01,3.768680688781768373e-02
7.395195195195195526e-01,1.264194919492973024e-01,3.848396554416996795e-02
7.403693693693693678e-01,1.937457989130687563e-01,1.394788766688492276e-01
7.412192192192191831e-01,1.008795017239814268e-01,1.848856585030044062e-04
7.420690690690691094e-01,1.081496027236175522e-01,1.109546993795953312e-02
7.429189189189189246e-01,1.275023707229996917e-01,4.013000579442289883e-02
7.437687687687687399e-01,9.788992421305817149e-02,-4.283353858810280863e-03
7.446186186186186662e-01,1.920879534488572626e-01,1.370189063498322979e-01
7.454684684684684814e-01,1.269946361195456452e-01,3.938403993012364740e-02
7.463183183183182967e-01,6.470895622549405202e-02,-5.403948173989921167e-02
7.471681681681682230e-01,1.034127216576470193e-01,4.021057461902161241e-03
7.480180180180180383e-01,8.839122860287385031e-02,-1.850638543996389884e-02
7.488678678678678535e-01,6.082420473665973298e-02,-5.985219908259846455e-02
7.497177177177176688e-01,4.079295774285040393e-02,-8.989439709219644581e-02
7.505675675675675951e-01,8.093724409569237610e-02,-2.967331754373986330e-02
7.514174174174174103e-01,4.603206540602530067e-02,-8.202643131730393000e-02
7.522672672672672256e-01,9.785040203044208240e-02,-4.294244496010381218e-03
7.531171171171171519e-01,1.484154760947448137e-01,7.155809371930269003e-02
7.539669669669669672e-01,1.058019775402707918e-01,7.642628249159303701e-03
7.548168168168167824e-01,1.521290875219991900e-01,7.713813221191778702e-02
7.556666666666667087e-01,3.514934670994317167e-02,-9.832659073179116083e-02
7.565165165165165240e-01,1.494583714944510422e-01,7.314186874036537889e-02
7.573663663663663392e-01,8.280314283002576659e-02,-2.683603948226409922e-02
7.582162162162162655e-01,1.656374006282412270e-01,9.742026893599624315e-02
7.590660660660660808e-01,5.544136926704996970e-02,-6.786889626361197747e-02
7.599159159159158961e-01,1.610855013517121515e-01,9.060211852185735826e-02
7.607657657657658223e-01,1.188293203316823088e-01,2.722257732036586358e-02
7.616156156156156376e-01,6.545076564774049421e-02,-5.284062550847386242e-02
7.624654654654654529e-01,1.215477975852525538e-01,3.130944351489441113e-02
7.633153153153152681e-01,4.819433701935263437e-02,-7.871633271378881969e-02
7.641651651651651944e-01,1.114934372347775593e-01,1.623663563177124222e-02
7.650150150150150097e-01,1.045438035887998052e-02,-1.353177111208014316e-01
7.658648648648648249e-01,9.985155770187356672e-02,-1.217763453504084291e-03
7.667147147147147512e-01,1.046905969769847677e-01,6.044945805903962840e-03
7.675645645645645665e-01,1.702510210602205531e-01,1.043897269648594306e-01
7.684144144144143818e-01,1.144769363474956864e-01,2.073276333146862466e-02
7.692642642642643080e-01,8.432064136883371530e-02,-2.449747826687448046e-02
7.701141141141141233e-01,6.996787445447147369e-02,-4.602237787148945325e-02
7.709639639639639386e-01,8.153386291531841690e-02,-2.866908980217745470e-02
7.718138138138138649e-01,1.338364117905002926e-01,4.978909010520961298e-02
7.726636636636636801e-01,1.691673506248580483e-01,1.027898951550335060e-01
7.735135135135134954e-01,1.296694491790940928e-01,4.354746263390223138e-02
7.743633633633633107e-01,2.730434620608913898e-02,-1.099957711052217402e-01
7.752132132132132369e-01,2.431351247943261407e-02,-1.144776237475118447e-01
7.760630630630630522e-01,9.067559006916364739e-02,-1.493015556950648068e-02
7.769129129129128675e-01,5.361749550575638235e-02,-7.051301224792551336e-02
7.777627627627627938e-01,8.329801377349813074e-02,-2.598803176802309128e-02
7.786126126126126090e-01,9.955156130095176026e-02,-1.603598396071739991e-03
7.794624624624624243e-01,1.489367405194669536e-01,7.247818998621079201e-02
7.803123123123123506e-01,5.472135244242849750e-02,-6.884095921253313710e-02
7.811621621621621658e-01,1.369479728066841373e-01,5.450283017261082358e-02
7.820120120120119811e-01,8.915578905225456097e-02,-1.718164290658565768e-02
7.828618618618619074e-01,8.404787076546260671e-02,-2.483975301601148294e-02
7.837117117117117226e-01,8.835581663625177717e-02,-1.837408008616780997e-02
7.845615615615615379e-01,1.122591943215611177e-01,1.748474803313982903e-02
7.854114114114114642e-01,6.125089610435126980e-02,-5.902391310453136003e-02
7.862612612612612795e-01,1.337561819607455404e-01,4.973783830432457198e-02
7.871111111111110947e-01,1.394307698469088308e-02,-1.299779547111322431e-01
7.879609609609609100e-01,8.292697711650809378e-02,-2.649819975606992895e-02
7.888108108108108363e-01,9.523547596489811973e-02,-8.031514542639344931e-03
7.896606606606606515e-01,6.458726097920802767e-02,-5.399988163160933385e-02
7.905105105105104668e-01,1.432977212465661176e-01,6.406976485259535670e-02
7.913603603603603931e-01,4.530440165620282927e-02,-8.291627753097313702e-02
7.922102102102102084e-01,1.087294911973532840e-01,1.222525509931281229e-02
7.930600600600600236e-01,1.191752587315499379e-01,2.789774875215047731e-02
7.939099099099099499e-01,5.481059155405074157e-02,-6.864547872487099245e-02
7.947597597597597652e-01,1.453394759938675951e-01,6.715154464998790429e-02
7.956096096096095804e-01,6.032932540438454283e-02,-6.036006224586560470e-02
7.964594594594595067e-01,1.282676279306627642e-01,4.155093809030658419e-02
7.973093093093093220e-01,7.881713323891322009e-02,-3.262131873916217228e-02
7.981591591591591373e-01,4.542407855128320626e-02,-8.270746122557129376e-02
7.990090090090090635e-01,5.057703766227963221e-02,-7.497461016047400617e-02
7.998588588588588788e-01,2.067495445770878293e-01,1.592875547952068982e-01
8.007087087087086941e-01,1.387634473616665143e-01,5.731182378497291091e-02
8.015585585585585093e-01,8.245071540206377891e-02,-2.715383430356214586e-02
8.024084084084084356e-01,1.519698822245336145e-01,7.712839080303167394e-02
8.032582582582582509e-01,1.055331596773172731e-01,7.476820977542120508e-03
8.041081081081080661e-01,1.220208042657594666e-01,3.221183877561345499e-02
8.049579579579579924e-01,8.827125531858423524e-02,-1.840890505272765876e-02
8.058078078078078077e-01,2.042615648106864412e-01,1.555801540826791951e-01
8.066576576576576230e-01,3.215714120026862133e-02,-1.025728881722232505e-01
8.075075075075075492e-01,7.071726834880451285e-02,-4.472912488647327184e-02
8.083573573573573645e-01,9.310587521546014045e-02,-1.114268126344780847e-02
8.092072072072071798e-01,3.661277280010728774e-02,-9.587885721629305080e-02
8.100570570570571061e-01,1.022871796847731468e-01,2.636162711018358393e-03
8.109069069069069213e-01,1.309926362271081057e-01,4.569768197018830164e-02
8.117567567567567366e-01,8.680167171780206470e-02,-2.058550648978747788e-02
8.126066066066066629e-01,8.937160272504338088e-02,-1.672742259012618971e-02
8.134564564564564781e-01,1.364738497700622999e-01,5.392907534770394890e-02
8.143063063063062934e-01,9.641835005264777492e-02,-6.151091451760142340e-03
8.151561561561561087e-01,2.155726813219721594e-01,1.725834619711502926e-01
8.160060060060060350e-01,8.930104527130236503e-02,-1.682094251575788277e-02
8.168558558558558502e-01,1.219474321322876753e-01,3.215169873792481092e-02
8.177057057057056655e-01,1.011482599274087651e-01,9.560281421583426489e-04
8.185555555555555918e-01,1.015735704402271622e-01,1.597119234999371884e-03
8.194054054054054070e-01,1.516790991718768022e-02,-1.280082033714599332e-01
8.202552552552552223e-01,1.439972805928121102e-01,6.523906278348241827e-02
8.211051051051051486e-01,1.654619647530995996e-01,9.743933423478162714e-02
8.219549549549549639e-01,6.733706177258773351e-02,-4.974475209634462991e-02
8.228048048048047791e-01,9.833940234946271508e-02,-3.237966251026994438e-03
8.236546546546547054e-01,1.960497951691564378e-02,-1.213363370146097603e-01
8.245045045045045207e-01,1.724615184626314690e-01,1.079517047349620174e-01
8.253543543543543359e-01,1.010108559991874239e-01,7.788971735421399345e-04
8.262042042042041512e-01,1.211828248977609435e-01,3.103997578748952935e-02
8.270540540540540775e-01,7.481856302617595489e-02,-3.850336152970500886e-02
8.279039039039038927e-01,9.652527555846787677e-02,-5.940310281929922845e-03
8.287537537537537080e-01,6.899458371397937384e-02,-4.723343597625717649e-02
8.296036036036036343e-01,1.057623557176971679e-01,7.921071983665550070e-03
8.304534534534534496e-01,1.582448294528308042e-01,8.664758336449265852e-02
8.313033033033032648e-01,1.271811667893187059e-01,4.005485720744059869e-02
8.321531531531531911e-01,2.167847916817710607e-01,1.744630472607153759e-01
8.330030030030030064e-01,1.138266925005103486e-01,2.002865361871875374e-02
8.338528528528528216e-01,5.467114648284507328e-02,-6.870189240515867102e-02
8.347027027027027479e-01,1.965121446655647142e-01,1.440624075576285024e-01
8.355525525525525632e-01,1.843803590136878223e-01,1.258675684636220704e-01
8.364024024024023785e-01,9.658637520839950807e-02,-5.820529602151724817e-03
8.372522522522523047e-01,1.122356497207345066e-01,1.765629412236251194e-02
8.381021021021021200e-01,1.204290451137361023e-01,2.994932454577245787e-02
8.389519519519519353e-01,9.711971776720812466e-02,-5.011716657191161994e-03
8.398018018018017505e-01,9.640547788180207911e-02,-6.080129606729058576e-03
8.406516516516516768e-01,1.177087436395227726e-01,2.587769669935649497e-02
8.415015015015014921e-01,2.040630666265151605e-01,1.554120742597524529e-01
8.423513513513513074e-01,1.040036617519754791e-01,5.325812566397324088e-03
8.432012012012012336e-01,1.091231645747161305e-01,1.300785592154074174e-02
8.440510510510510489e-01,7.974099746108936904e-02,-3.106266642602292447e-02
8.449009009009008642e-01,4.996501489299508963e-02,-7.572397193704043239e-02
8.457507507507507905e-01,7.739768988865627919e-02,-3.457234531969910485e-02
8.466006006006006057e-01,1.405058539510184168e-01,6.009247069840784050e-02
8.474504504504504210e-01,-4.641425784232836027e-03,-1.576259100466908258e-01
8.483003003003003473e-01,1.517893012322234503e-01,7.702270305999371625e-02
8.491501501501501625e-01,1.328577581406395480e-01,4.862790956505514545e-02
8.499999999999999778e-01,8.219277625206614091e-02,-2.736703027946826156e-02
