# q, Iq, dIq
1.000000000000000021e-03,5.638027065097894520e+06,1.231250154400040628e+06
1.849849849849849980e-03,6.085577974489936605e+05,5.674359989370338735e+04
2.699699699699699938e-03,1.439714830936226936e+05,-2.569932617214118000e+04
3.549549549549549463e-03,6.013506114910935867e+04,3.186448126008575855e+03
4.399399399399398988e-03,2.455530630030961402e+04,-9.661255774383857897e+02
5.249249249249248947e-03,1.231312607481839768e+04,-1.106258337076989164e+02
6.099099099099098906e-03,6.514588114532713007e+03,-4.569068129636031586e+02
6.948948948948948864e-03,4.298322172851808318e+03,3.851413686788970949e+02
7.798798798798798823e-03,2.638909909635350687e+03,1.437379664441647549e+02
8.648648648648648782e-03,1.737270339420889059e+03,7.610565631564330147e+01
9.498498498498497006e-03,1.234116877179597395e+03,1.191453710550867982e+02
1.034834834834834696e-02,8.390389529663206076e+02,2.524303502807599386e+01
1.119819819819819692e-02,5.479016000808493345e+02,-7.582634058374623010e+01
1.204804804804804688e-02,3.849689372365194231e+02,-9.266396597654261313e+01
1.289789789789789684e-02,3.891336289760821501e+02,7.282108456406029973e+01
1.374774774774774680e-02,2.675292286153552936e+02,6.444982436092781874e+00
1.459759759759759676e-02,2.395416519997842784e+02,4.780740727868518292e+01
1.544744744744744672e-02,1.507550736889904783e+02,-2.173992598864232306e+01
1.629729729729729668e-02,1.549332138637654737e+02,3.208310271117180434e+01
1.714714714714714663e-02,1.261357469256722936e+02,2.567599162833902682e+01
1.799699699699699659e-02,8.184281861898085708e+01,-1.182244375372913048e+01
1.884684684684684655e-02,6.751259213130684600e+01,-1.090809732953056610e+01
1.969669669669669651e-02,6.231107158008170188e+01,-3.705692925757309020e-01
2.054654654654654647e-02,5.202690324091136631e+01,-1.366965420033215528e+00
2.139639639639639643e-02,4.389138367363590021e+01,-1.669933197448515205e+00
2.224624624624624639e-02,4.014605167720540635e+01,2.471145388949611998e+00
2.309609609609609635e-02,3.856895116828341230e+01,8.041543062561501642e+00
2.394594594594594630e-02,3.211374068520389358e+01,5.139607744066709394e+00
2.479579579579579626e-02,2.251686787218264740e+01,-3.752845371829224064e+00
2.564564564564564622e-02,2.572711626929663709e+01,5.821628583217106190e+00
2.649549549549549618e-02,2.119760232818635615e+01,3.012060613568208201e+00
2.734534534534534614e-02,1.832885308537183633e+01,2.076022377366008254e+00
2.819519519519519610e-02,1.655751443570464687e+01,2.378432762506080156e+00
2.904504504504504606e-02,1.283908592369848201e+01,-7.503248507470989814e-01
2.989489489489489601e-02,9.795822223300211462e+00,-3.112883507334485600e+00
3.074474474474474597e-02,1.192355982155320326e+01,1.933331226702723615e+00
3.159459459459459246e-02,9.525969441253106851e+00,-3.531698810255759491e-02
3.244444444444444242e-02,7.669496504647390189e+00,-1.368096916225034487e+00
3.329429429429429238e-02,8.165387148397535100e+00,5.923143290399023320e-01
3.414414414414414234e-02,6.146183609509648704e+00,-1.300203719196594054e+00
3.499399399399399230e-02,6.190123698003738184e+00,-2.869224891669571176e-01
3.584384384384384226e-02,5.939893725080499287e+00,2.092336154017229444e-01
3.669369369369369221e-02,4.589537078289120053e+00,-1.043344465763053952e+00
3.754354354354354217e-02,6.201832317798048777e+00,2.033200898234625686e+00
3.839339339339339213e-02,3.362834903180172308e+00,-1.584783145776499813e+00
3.924324324324324209e-02,3.406515100781037031e+00,-1.008343978618106984e+00
4.009309309309309205e-02,3.998213702880895948e+00,3.827897452433404180e-01
4.094294294294294201e-02,3.319574151856534705e+00,-2.666162081256941430e-01
4.179279279279279197e-02,2.554978260711036953e+00,-1.274015207949254824e+00
4.264264264264264193e-02,3.821736057145535881e+00,2.563724538696385280e-01
4.349249249249249188e-02,3.674225481844935359e+00,-5.933896721733591395e-01
4.434234234234234184e-02,2.610029613063410636e+00,-1.061110796684836100e+00
4.519219219219219180e-02,1.488910736972227422e+00,-3.793824035195089706e-01
4.604204204204204176e-02,1.365736498664835263e+00,1.516174302411725794e-01
4.689189189189189172e-02,1.799882903330610517e+00,2.365271058619922151e-01
4.774174174174174168e-02,1.624740927388713008e+00,-2.671918182390097818e-01
4.859159159159159164e-02,1.881737846488014565e+00,1.679393278860999983e-01
4.944144144144144160e-02,1.668961597411079634e+00,-7.585580612800479385e-03
5.029129129129129155e-02,1.120162638971803126e+00,-6.712364078949824009e-01
5.114114114114114151e-02,1.138048940700985279e+00,-5.115870796980082069e-01
5.199099099099099147e-02,1.468980997321721604e+00,1.260797956325756530e-01
5.284084084084084143e-02,1.393416120025674942e+00,1.269558871649343057e-01
5.369069069069069139e-02,1.042576683784026237e+00,-2.840219866801225179e-01
5.454054054054054135e-02,1.359042068625852862e+00,2.944241256510680693e-01
5.539039039039039131e-02,1.066983224169752553e+00,-5.094987687642212049e-02
5.624024024024024127e-02,9.989214017684323599e-01,-6.023329320927937186e-02
5.709009009009009122e-02,1.023563436934485704e+00,5.471016282921166429e-02
5.793993993993994118e-02,8.397511853263007753e-01,-1.417007175340255498e-01
5.878978978978979114e-02,8.138239292799508418e-01,-1.109652054646459857e-01
5.963963963963964110e-02,7.508823179186360219e-01,-1.400710773636528184e-01
6.048948948948949106e-02,7.045873584043110816e-01,-1.461888309159831145e-01
6.133933933933934102e-02,5.765822023505263738e-01,-2.834446414434927952e-01
6.218918918918919098e-02,8.078016415247757376e-01,1.190627381013904112e-01
6.303903903903904093e-02,6.754847611186657330e-01,-3.106290566209115797e-02
6.388888888888888395e-02,6.476288295327490285e-01,-2.583562741322772971e-02
6.473873873873874085e-02,6.081877614003402543e-01,-4.065116177561556993e-02
6.558858858858858387e-02,6.142769145869734215e-01,7.841920349858241823e-03
6.643843843843844077e-02,4.685168137887624207e-01,-1.708144751599162126e-01
6.728828828828828379e-02,6.085327055682286934e-01,7.369167057466348425e-02
6.813813813813814069e-02,5.325544098096265389e-01,-5.756805262398551927e-03
6.898798798798798371e-02,3.768687339743231335e-01,-2.076064043049760388e-01
6.983783783783784060e-02,4.844684813225683673e-01,-1.720230928779341306e-02
7.068768768768768362e-02,5.415950823026328687e-01,9.777019929679083010e-02
7.153753753753754052e-02,4.947212066882578085e-01,5.253449408372894147e-02
7.238738738738738354e-02,5.685572245051719875e-01,1.891460069844033975e-01
7.323723723723724044e-02,5.565955908521946771e-01,1.942260728753892329e-01
7.408708708708708346e-02,4.244079979684557968e-01,1.783356215756489588e-02
7.493693693693694036e-02,4.321225444709009822e-01,5.113755105303097875e-02
7.578678678678678338e-02,4.439334404800845402e-01,8.741322779731867942e-02
7.663663663663664027e-02,3.735956288371139467e-01,1.722438846194567722e-03
7.748648648648648329e-02,3.876086331884474601e-01,3.962111542008198845e-02
7.833633633633634019e-02,4.515788456143045027e-01,1.524970282540743516e-01
7.918618618618618321e-02,3.646915101187175323e-01,3.843020171028498772e-02
8.003603603603604011e-02,4.211508635176039461e-01,1.371385532436283916e-01
8.088588588588588313e-02,2.985134442560294921e-01,-3.128778498045036577e-02
8.173573573573574003e-02,3.354297266424808299e-01,3.634705752337655249e-02
8.258558558558558305e-02,3.594039106198211320e-01,8.594061606329828074e-02
8.343543543543543994e-02,2.660372757948518685e-01,-4.207666546584934442e-02
8.428528528528528296e-02,3.353100121426327296e-01,7.263438910429101392e-02
8.513513513513513986e-02,2.918636236499937420e-01,1.877397131199450009e-02
8.598498498498498288e-02,3.285118694599302724e-01,7.646509213027120888e-02
8.683483483483483978e-02,2.803499865256017798e-01,-5.360417273545294188e-03
8.768468468468468280e-02,3.091011762084118764e-01,3.706163568430654708e-03
8.853453453453453970e-02,3.270924587727024879e-01,5.000829107915476940e-02
8.938438438438438272e-02,2.093112068715340113e-01,5.326022590303551400e-03
9.023423423423423961e-02,1.380660697886324506e-01,-1.881490758084101295e-02
9.108408408408408263e-02,1.873604993026628807e-01,8.986114407118795180e-03
9.193393393393393953e-02,2.536683091166549442e-01,5.772574059461939994e-02
9.278378378378378255e-02,1.850288431613758000e-01,-5.677861543075492928e-02
9.363363363363363945e-02,2.581525856955271259e-01,5.389399859115150127e-02
9.448348348348348247e-02,1.678110382139228196e-01,-7.477355155666834396e-02
9.533333333333333937e-02,2.017033811954488387e-01,-1.857899207342752698e-02
9.618318318318318239e-02,1.868763504352448368e-01,-3.457360133585085649e-02
9.703303303303303928e-02,2.412841784345487739e-01,5.287312929909852854e-02
9.788288288288288230e-02,1.698087060907564894e-01,-4.931786444034041289e-02
9.873273273273273920e-02,2.113935980537998138e-01,1.884103255593230081e-02
9.958258258258258222e-02,1.638392093888850209e-01,-4.799145329888112460e-02
1.004324324324324391e-01,1.940281847924667791e-01,2.432364758042220802e-03
1.012822822822822821e-01,1.856013982962482767e-01,-5.730565051005209569e-03
1.021321321321321390e-01,1.268653512615844081e-01,-8.953192658662632863e-02
1.029819819819819821e-01,1.466707039997297013e-01,-5.531965370016980743e-02
1.038318318318318390e-01,1.884974455192601761e-01,1.114101364663003767e-02
1.046816816816816820e-01,1.720236026985436650e-01,-9.379869044659573663e-03
1.055315315315315389e-01,1.898090590190687765e-01,2.086058939621103503e-02
1.063813813813813819e-01,1.802965356509109163e-01,1.021563723698017123e-02
1.072312312312312388e-01,1.615030373146273401e-01,-1.440871762353439223e-02
1.080810810810810818e-01,1.730659787196850707e-01,6.038042333371353501e-03
1.089309309309309387e-01,1.802819047500316130e-01,2.029659043757933018e-02
1.097807807807807817e-01,1.883472874626115345e-01,3.526749062128134438e-02
1.106306306306306247e-01,1.662820387559784951e-01,5.217553789904127125e-03
1.114804804804804816e-01,1.551541175270150508e-01,-8.614759906240868417e-03
1.123303303303303247e-01,1.728294076005309210e-01,2.050987435056756888e-02
1.131801801801801816e-01,1.248116219256888981e-01,-4.869486472872848470e-02
1.140300300300300246e-01,1.684063955335041718e-01,1.903666647659106245e-02
1.148798798798798815e-01,1.644551694670461639e-01,1.569429175552092964e-02
1.157297297297297245e-01,1.506866962340877858e-01,-2.651359732766883897e-03
1.165795795795795814e-01,1.381879089536825755e-01,-1.918380474546009518e-02
1.174294294294294244e-01,1.379256126762408996e-01,-1.725277813005114333e-02
1.182792792792792813e-01,1.205157578343299396e-01,-4.143893545781646148e-02
1.191291291291291243e-01,1.386926932628211040e-01,-1.196327780006208388e-02
1.199789789789789812e-01,1.340823602693901051e-01,-1.702538003304814376e-02
1.208288288288288242e-01,1.620193827012336996e-01,2.678942979066939803e-02
1.216786786786786811e-01,1.295582726371363735e-01,-1.998424347529426798e-02
1.225285285285285242e-01,1.174723061028819099e-01,-3.650843372372213069e-02
1.233783783783783811e-01,1.303596431361771224e-01,-1.527190429439008457e-02
1.242282282282282241e-01,1.551894765182234570e-01,2.344366153595363322e-02
1.250780780780780810e-01,1.589468463508618978e-01,3.077688387402242876e-02
1.259279279279279240e-01,1.529529785620530880e-01,2.334031192597187457e-02
1.267777777777777670e-01,1.530154571871268909e-01,2.478965100747989106e-02
1.276276276276276378e-01,1.059186338260743737e-01,-4.418576736925088760e-02
1.284774774774774808e-01,1.090757010019954287e-01,-3.833289261301291856e-02
1.293273273273273238e-01,1.253246700912481193e-01,-1.239452178537643612e-02
1.301771771771771669e-01,1.718179882628906308e-01,5.812829400654339479e-02
1.310270270270270376e-01,1.019723918710115362e-01,-4.700346812892470388e-02
1.318768768768768807e-01,1.589625930630994832e-01,3.553378889103196020e-02
1.327267267267267237e-01,1.338211207729551044e-01,-2.415360601175716923e-03
1.335765765765765667e-01,1.488289420471326785e-01,4.005685113813513970e-02
1.344264264264264375e-01,9.985794540401257691e-02,-1.005117476696702414e-02
1.352762762762762805e-01,1.099830858421090712e-01,3.448924270783319183e-04
1.361261261261261235e-01,1.127439542814842460e-01,-1.206859256323598861e-02
1.369759759759759665e-01,1.191347878687473022e-01,-8.963135975097990746e-03
1.378258258258258373e-01,1.020430006902987852e-01,-3.565328186232812058e-02
1.386756756756756803e-01,1.374542376420986034e-01,1.807980994231204314e-02
1.395255255255255233e-01,1.104807366188193252e-01,-2.144487324191352365e-02
1.403753753753753664e-01,1.448247439931703295e-01,3.079915911592231645e-02
1.412252252252252371e-01,1.354008918697122976e-01,1.770465376317554781e-02
1.420750750750750802e-01,1.535710076052663742e-01,4.565387878326775117e-02
1.429249249249249232e-01,9.877179594767740434e-02,-3.564034111853674885e-02
1.437747747747747662e-01,1.353024016782997663e-01,1.992868071689803469e-02
1.446246246246246370e-01,1.558884702878396422e-01,5.153645036213964914e-02
1.454744744744744800e-01,1.272365281616185673e-01,9.388552410944044080e-03
1.463243243243243230e-01,1.413142998404632589e-01,3.113368645077217375e-02
1.471741741741741660e-01,1.212622421526211025e-01,1.842666908528533187e-03
1.480240240240240368e-01,1.062508161596760065e-01,-2.003427568463361438e-02
1.488738738738738798e-01,1.310240869946625308e-01,1.779182772828798165e-02
1.497237237237237228e-01,1.006932291787204781e-01,-2.702020518254335396e-02
1.505735735735735659e-01,1.049997885322801333e-01,-1.999338843189985698e-02
1.514234234234234366e-01,1.219886092891942497e-01,6.168796135498379705e-03
1.522732732732732797e-01,1.170094376446724205e-01,-7.588425930083036184e-04
1.531231231231231227e-01,1.393831340347370662e-01,3.340297089377215756e-02
1.539729729729729657e-01,1.012356030103370025e-01,-2.324535694935160254e-02
1.548228228228228365e-01,9.251298774642627287e-02,-3.582060846618942418e-02
1.556726726726726795e-01,1.191891015188108610e-01,4.778678173136810189e-03
1.565225225225225225e-01,1.252124147718614300e-01,1.427840980753160467e-02
1.573723723723723655e-01,1.585786286075058227e-01,6.486896140710647629e-02
1.582222222222222363e-01,6.742334337355178342e-02,-7.138370285650462443e-02
1.590720720720720793e-01,1.280782118752160637e-01,2.005678784770997466e-02
1.599219219219219223e-01,1.319719622663271530e-01,2.640336491703919666e-02
1.607717717717717654e-01,1.230446529771745678e-01,1.341493046392560305e-02
1.616216216216216361e-01,9.630686761264860285e-02,-2.620550046025863292e-02
1.624714714714714792e-01,1.243249302757389596e-01,1.622344505039918436e-02
1.633213213213213222e-01,1.118120026064496203e-01,-2.127230517077997526e-03
1.641711711711711652e-01,8.767038109336995622e-02,-3.790423525243644814e-02
1.650210210210210082e-01,1.161336187238899559e-01,5.140434038331097993e-03
1.658708708708708790e-01,1.232106786092062312e-01,1.619581894293934538e-02
1.667207207207207220e-01,8.821449810946269121e-02,-3.596468484070167865e-02
1.675705705705705650e-01,1.075841851489957174e-01,-6.520645145208722043e-03
1.684204204204204081e-01,1.471031250968486970e-01,5.312520040632295187e-02
1.692702702702702788e-01,8.921049958793651757e-02,-3.340427895927895741e-02
1.701201201201201219e-01,1.349596597138385257e-01,3.562227769768850499e-02
1.709699699699699649e-01,9.046757272929117910e-02,-3.084978424563238758e-02
1.718198198198198079e-01,1.080054032533064312e-01,-4.165489423207866838e-03
1.726696696696696787e-01,1.266876449248266479e-01,2.415086446554763275e-02
1.735195195195195217e-01,8.884357549638963181e-02,-3.232378226918122127e-02
1.743693693693693647e-01,1.070183838254631092e-01,-4.717320291939133131e-03
1.752192192192192077e-01,1.190576855516172067e-01,1.338618534133510264e-02
1.760690690690690785e-01,1.024292722454109850e-01,-1.166305728823764133e-02
1.769189189189189215e-01,1.232667884333414760e-01,1.945659766706525282e-02
1.777687687687687645e-01,1.026541479665896983e-01,-7.351182163206321230e-03
1.786186186186186076e-01,9.787248392018244036e-02,-6.243693163546637850e-03
1.794684684684684783e-01,9.094012574375678892e-02,-1.524473006162362781e-02
1.803183183183183214e-01,9.651313349258708318e-02,-1.308068244053069672e-02
1.811681681681681644e-01,1.200273625983009074e-01,1.818328143821516807e-02
1.820180180180180074e-01,1.045775174796134965e-01,-5.732362968398242199e-03
1.828678678678678782e-01,1.084743274309577649e-01,8.844354772326361519e-05
1.837177177177177212e-01,1.246944029345670585e-01,2.470066909281963541e-02
1.845675675675675642e-01,1.394926686605770239e-01,4.705263160882171281e-02
1.854174174174174072e-01,1.049223996306896944e-01,-4.549857674833104361e-03
1.862672672672672780e-01,9.428055698542424368e-02,-2.029722649527425024e-02
1.871171171171171210e-01,1.109333984062629841e-01,4.869415537379125775e-03
1.879669669669669640e-01,1.000044760356720991e-01,-1.127902618411984366e-02
1.888168168168168071e-01,1.135200226378600408e-01,9.155974232961071324e-03
1.896666666666666778e-01,1.064198535912524446e-01,-1.264132309697038690e-03
1.905165165165165209e-01,7.707063072136895177e-02,-4.511109663835072975e-02
1.913663663663663639e-01,6.164539587652192315e-02,-6.806231394742251473e-02
1.922162162162162069e-01,1.312216361680680898e-01,3.650485527087377752e-02
1.930660660660660777e-01,1.342691297822117269e-01,4.123086747269179980e-02
1.939159159159159207e-01,1.354583177110132430e-01,4.321789841516847364e-02
1.947657657657657637e-01,1.107179894896466316e-01,6.260804043342216990e-03
1.956156156156156067e-01,1.407627417935619907e-01,5.150519568385516361e-02
1.964654654654654775e-01,1.053445497280255799e-01,-1.450705995023311625e-03
1.973153153153153205e-01,8.862092053110966205e-02,-2.639053366442307286e-02
1.981651651651651636e-01,8.879530144068190078e-02,-2.594885134008275557e-02
1.990150150150150066e-01,1.113329155145519334e-01,7.993148363701305451e-03
1.998648648648648773e-01,1.077651190678883958e-01,2.806464356808099827e-03
2.007147147147147204e-01,1.166577891485175711e-01,1.629160082056281891e-02
2.015645645645645634e-01,1.166699548620146326e-01,1.644725746472469954e-02
2.024144144144144064e-01,1.044269900016716185e-01,-1.757800120301958183e-03
2.032642642642642772e-01,1.264179449182590287e-01,3.134891113132869112e-02
2.041141141141141202e-01,1.136581745436203300e-01,1.236237061283278725e-02
2.049639639639639632e-01,1.202257081730444821e-01,2.233899690457150436e-02
2.058138138138138062e-01,1.138779326731122338e-01,1.294741056720578876e-02
2.066636636636636770e-01,1.102823686658344626e-01,7.693807886455580371e-03
2.075135135135135200e-01,9.181347799641448315e-02,-1.990166708370676510e-02
2.083633633633633631e-01,1.337115975751616004e-01,4.308838017747577270e-02
2.092132132132132061e-01,1.208385898951886694e-01,2.388512022493920542e-02
2.100630630630630769e-01,9.844792913003459767e-02,-9.576694567813013800e-03
2.109129129129129199e-01,1.469803130721221152e-01,6.334309528752651852e-02
2.117627627627627629e-01,8.115064892817766551e-02,-3.530278905078216428e-02
2.126126126126126059e-01,7.183010151444949032e-02,-4.915020597855281059e-02
2.134624624624624767e-01,1.373217824841476697e-01,4.917439257525590968e-02
2.143123123123123197e-01,1.156489134494541327e-01,1.678789241904393020e-02
2.151621621621621627e-01,6.344347236423658609e-02,-6.141896677694308471e-02
2.160120120120120057e-01,7.829121295957436333e-02,-3.905443764221599307e-02
2.168618618618618765e-01,1.386724167179546607e-01,5.164162599264581627e-02
2.177117117117117195e-01,1.132287230479162715e-01,1.354321966281404888e-02
2.185615615615615626e-01,9.808397494564440044e-02,-9.041647972077807016e-03
2.194114114114114056e-01,1.057160078440325807e-01,2.467350165411607253e-03
2.202612612612612486e-01,1.134798705053795542e-01,1.417375005293648738e-02
2.211111111111111194e-01,1.218126963534515994e-01,2.677240916438402771e-02
2.219609609609609624e-01,1.352557314635419172e-01,4.791369495599531042e-02
2.228108108108108054e-01,1.108774164422729330e-01,1.441654505133415677e-02
2.236606606606606484e-01,9.499682641260007165e-02,-7.534082499525548635e-03
2.245105105105105192e-01,9.175911938937780787e-02,-1.453872480815842326e-02
2.253603603603603622e-01,1.120553453147466322e-01,1.337681734395899241e-02
2.262102102102102053e-01,1.098655183567234239e-01,9.487409372604227453e-03
2.270600600600600483e-01,1.363584535175936807e-01,4.921780409263766531e-02
2.279099099099099190e-01,1.298616457360075305e-01,3.956555806637226252e-02
2.287597597597597621e-01,1.132292609746231582e-01,1.469812312507543135e-02
2.296096096096096051e-01,1.530623837821097899e-01,7.450434020937234114e-02
2.304594594594594481e-01,1.320959409563382814e-01,4.315245805425282910e-02
2.313093093093093189e-01,1.000404809790242655e-01,-4.879727224897051872e-03
2.321591591591591619e-01,9.033642640927010137e-02,-1.934821924611122151e-02
2.330090090090090049e-01,1.034795233019701471e-01,4.300633681001891700e-04
2.338588588588588479e-01,1.152937650740658154e-01,1.821804429620480295e-02
2.347087087087087187e-01,9.933758268067846564e-02,-5.637985524969966675e-03
2.355585585585585617e-01,9.287713587314844199e-02,-1.527589364944127726e-02
2.364084084084084048e-01,1.144595891288829048e-01,1.717651407224209115e-02
2.372582582582582478e-01,7.857691762459881324e-02,-3.659196983114310769e-02
2.381081081081081186e-01,9.091324705060084554e-02,-1.802139188637859324e-02
2.389579579579579616e-01,1.172654840280419469e-01,2.157255085793634980e-02
2.398078078078078046e-01,8.867649743704601739e-02,-2.125833927372427351e-02
2.406576576576576476e-01,8.244835555180644870e-02,-3.052995247775298210e-02
2.415075075075075184e-01,6.331860075481013372e-02,-5.917503862602780523e-02
2.423573573573573614e-01,1.349771529208275977e-01,4.837614332448470639e-02
2.432072072072072044e-01,6.629318361651906355e-02,-5.459335047567624027e-02
2.440570570570570474e-01,1.163876951743935961e-01,2.059989365275960091e-02
2.449069069069069182e-01,1.253720173975901853e-01,3.413927095862390876e-02
2.457567567567567612e-01,1.219716178893600206e-01,2.908355513053139177e-02
2.466066066066066043e-01,1.178224309345768800e-01,2.292018517533865596e-02
2.474564564564564473e-01,7.573630640486281318e-02,-4.016021091786751984e-02
2.483063063063063181e-01,7.949221854151966582e-02,-3.447643941379984617e-02
2.491561561561561611e-01,8.627857529576921092e-02,-2.424098320391917735e-02
2.500060060060059763e-01,1.389459670332168217e-01,5.480147502899333084e-02
2.508558558558558471e-01,1.431331521226406611e-01,6.113950101001064397e-02
2.517057057057057179e-01,8.250650625182213982e-02,-2.975878145650705242e-02
2.525555555555555332e-01,1.243089491606944041e-01,3.299379403532935739e-02
2.534054054054054039e-01,8.714351943184178717e-02,-2.270493550463751134e-02
2.542552552552552747e-01,1.046648383892453960e-01,3.615475242843932402e-03
2.551051051051050900e-01,8.521454608340714443e-02,-2.550593434372689164e-02
2.559549549549549607e-01,1.071208297622337213e-01,7.388608154074002322e-03
2.568048048048048315e-01,8.546715455141810913e-02,-2.504277181043006520e-02
2.576546546546546468e-01,8.507345986494697920e-02,-2.559120833125395553e-02
2.585045045045045176e-01,9.648209277161406972e-02,-8.441747431077544633e-03
2.593543543543543328e-01,9.418080906551477838e-02,-1.184238487463851706e-02
2.602042042042042036e-01,1.310924343780736911e-01,4.355328636673067022e-02
2.610540540540540744e-01,5.939835425090026627e-02,-6.393639452781961496e-02
2.619039039039038896e-01,1.208948258135501552e-01,2.834032380786949759e-02
2.627537537537537604e-01,1.201406647168607456e-01,2.724826291462627628e-02
2.636036036036036312e-01,1.141587791734979818e-01,1.832414546954882692e-02
2.644534534534534465e-01,1.096613986085505643e-01,1.160256462410762940e-02
2.653033033033033172e-01,1.053828032092290479e-01,5.274606254275985076e-03
2.661531531531531325e-01,1.173410998618785173e-01,2.349107786428924691e-02
2.670030030030030033e-01,1.049371290454759326e-01,5.986459809396645591e-03
2.678528528528528740e-01,1.330372011619381512e-01,4.942622636334086800e-02
2.687027027027026893e-01,1.520318035370956666e-01,7.741682248028559921e-02
2.695525525525525601e-01,9.692530840678421911e-02,-6.751570821788894887e-03
2.704024024024024309e-01,1.137601274077623126e-01,1.793663450949409960e-02
2.712522522522522461e-01,1.258641996662114293e-01,3.614399030352190290e-02
2.721021021021021169e-01,1.191487510596550142e-01,2.612900226518866109e-02
2.729519519519519322e-01,8.848077490236351539e-02,-1.981349305307548644e-02
2.738018018018018029e-01,1.367948195048540594e-01,5.267491849007496785e-02
2.746516516516516737e-01,9.330513484348677833e-02,-1.251982678237265403e-02
2.755015015015014890e-01,8.670962503307211300e-02,-2.238533090650705187e-02
2.763513513513513598e-01,1.277343867759838103e-01,3.917883444572244078e-02
2.772012012012011750e-01,6.310469965589513008e-02,-5.772921029309999175e-02
2.780510510510510458e-01,1.004347174667487019e-01,-1.713740548800582074e-03
2.789009009009009166e-01,1.108939468860375421e-01,1.401153406284913125e-02
2.797507507507507318e-01,1.150884206822334749e-01,2.032665857013651531e-02
2.806006006006006026e-01,1.242987278553096819e-01,3.417084193369826495e-02
2.814504504504504734e-01,9.019779435874571150e-02,-1.695058501978822726e-02
2.823003003003002886e-01,8.447192412471943301e-02,-2.551745507977098981e-02
2.831501501501501594e-01,8.677211133737006143e-02,-2.203466828507931116e-02
2.839999999999999747e-01,6.813802354546497075e-02,-4.996475097197097121e-02
2.848498498498498455e-01,6.238001110952598460e-02,-5.857321348913057529e-02
2.856996996996997162e-01,1.002124641307765851e-01,-1.798926241299277822e-03
2.865495495495495315e-01,1.271795033784851037e-01,3.867382141478864499e-02
2.873993993993994023e-01,1.517197074156113046e-01,7.551321248148586129e-02
2.882492492492492731e-01,1.017448224370098020e-01,5.704122868458564883e-04
2.890990990990990883e-01,8.379964431540906644e-02,-2.631967762914275144e-02
2.899489489489489591e-01,7.739871327578487503e-02,-3.589906110231303599e-02
2.907987987987987744e-01,9.155985609723396590e-02,-1.463515888088329740e-02
2.916486486486486451e-01,1.555544758221795443e-01,8.138289959290152809e-02
2.924984984984985159e-01,1.111074372111397202e-01,1.473058950208225651e-02
2.933483483483483312e-01,6.829902445629792984e-02,-4.945557719629884580e-02
2.941981981981982019e-01,1.276307065385538508e-01,3.956096373657572857e-02
2.950480480480480727e-01,6.795126116063836264e-02,-4.993590738322829098e-02
2.958978978978978880e-01,6.644574108283578251e-02,-5.217102121313249574e-02
2.967477477477477588e-01,1.185920774654558585e-01,2.606564311584739710e-02
2.975975975975975740e-01,7.390429184125539563e-02,-4.094070957279860590e-02
2.984474474474474448e-01,8.064331577633546133e-02,-3.081584559718990660e-02
2.992972972972973156e-01,1.141185545213062452e-01,1.941952466093313859e-02
3.001471471471471308e-01,7.509495321447830218e-02,-3.909590373257012391e-02
3.009969969969970016e-01,1.001213358908659146e-01,-1.539669005800636250e-03
3.018468468468468724e-01,8.058930735295644077e-02,-3.081344847636737633e-02
3.026966966966966877e-01,1.022418517150052164e-01,1.678760423017118357e-03
3.035465465465465584e-01,6.951624754421577290e-02,-4.738626026194167618e-02
3.043963963963963737e-01,1.130683470685135833e-01,1.795809691265010111e-02
3.052462462462462445e-01,7.745252804234895039e-02,-3.544843322422851911e-02
3.060960960960961152e-01,8.050326894315784632e-02,-3.084965706959125545e-02
3.069459459459459305e-01,1.031063339424293929e-01,3.065118803385869905e-03
3.077957957957958013e-01,8.492056360204711107e-02,-2.418637743334602422e-02
3.086456456456456721e-01,1.473471952749138836e-01,6.946629797239682602e-02
3.094954954954954873e-01,6.607371201798832583e-02,-5.240565668439770008e-02
3.103453453453453581e-01,1.115487996550602046e-01,1.591101044845080748e-02
3.111951951951951734e-01,6.395531057920178508e-02,-5.510819328577740150e-02
3.120450450450450441e-01,1.061711587883240604e-01,8.915388681363123694e-03
3.128948948948949149e-01,1.476690801037097711e-01,7.124240409540821828e-02
3.137447447447447302e-01,1.000245281906284034e-01,-1.031123217447848898e-03
3.145945945945946010e-01,7.849940808011686422e-02,-3.383394364220639744e-02
3.154444444444444717e-01,6.998395394581544138e-02,-4.655626366136429717e-02
3.162942942942942870e-01,1.033345723275233136e-01,3.556165845810809866e-03
3.171441441441441578e-01,1.139433695907054594e-01,1.951623131362003119e-02
3.179939939939939730e-01,6.218059283659325975e-02,-5.810869613084961721e-02
3.188438438438438438e-01,1.127784323909130360e-01,1.779943792073833408e-02
3.196936936936937146e-01,9.133954621990664213e-02,-1.433873459782574085e-02
3.205435435435435299e-01,1.020650169009168079e-01,1.757607636166469769e-03
3.213933933933934006e-01,8.334425870980194384e-02,-2.630438236456833848e-02
3.222432432432432714e-01,8.554638832037340934e-02,-2.299017415860675831e-02
3.230930930930930867e-01,1.292598066492841036e-01,4.259388231736945668e-02
3.239429429429429574e-01,7.475366103064051693e-02,-3.914966549832784443e-02
3.247927927927927727e-01,1.071391391582613151e-01,9.438405937845971427e-03
3.256426426426426435e-01,6.895437777809779178e-02,-4.782179426193028382e-02
3.264924924924925143e-01,9.532314864640270557e-02,-8.258633710172992928e-03
3.273423423423423295e-01,1.419324922670694156e-01,6.166975859485335915e-02
3.281921921921922003e-01,7.183582470626051486e-02,-4.346223857213297320e-02
3.290420420420420156e-01,7.378524282263757006e-02,-4.052754124852561007e-02
3.298918918918918863e-01,1.227682059216813615e-01,3.296210146845160449e-02
3.307417417417417571e-01,6.521121017330171188e-02,-5.336400763496015887e-02
3.315915915915915724e-01,7.896377028470105697e-02,-3.272108353205911702e-02
3.324414414414414431e-01,1.117981265052303275e-01,1.654159531188665114e-02
3.332912912912913139e-01,4.167566522638810333e-02,-8.863110296123068166e-02
3.341411411411411292e-01,1.150406268247497060e-01,2.142994073734158511e-02
3.349909909909910000e-01,8.369625549425235844e-02,-2.557776687196216744e-02
3.358408408408408152e-01,1.323569742556910123e-01,4.742696981936181388e-02
3.366906906906906860e-01,1.370337498138079202e-01,5.445183489875996680e-02
3.375405405405405568e-01,7.935298044577167309e-02,-3.205811090248378292e-02
3.383903903903903720e-01,5.865325451843155652e-02,-6.309565904578734452e-02
3.392402402402402428e-01,1.024255250925409089e-01,2.571276840497029991e-03
3.400900900900901136e-01,7.680976563272087776e-02,-3.583915174683707100e-02
3.409399399399399289e-01,6.937309987996960470e-02,-4.698581955075008948e-02
3.417897897897897996e-01,9.954460192563457932e-02,-1.717156221328343954e-03
3.426396396396396149e-01,9.894114125282056638e-02,-2.611799294177992014e-03
3.434894894894894857e-01,6.321269801611850703e-02,-5.619604292096270354e-02
3.443393393393393564e-01,1.329735508216463025e-01,4.845786164825151288e-02
3.451891891891891717e-01,1.140379041573622437e-01,2.006135393865784294e-02
3.460390390390390425e-01,1.245835354245732191e-01,3.589173255034425192e-02
3.468888888888889133e-01,1.041791542886618543e-01,5.293989218169973220e-03
3.477387387387387285e-01,1.097444427620461599e-01,1.365047812929433974e-02
3.485885885885885993e-01,9.870125732608876767e-02,-2.902378219631328912e-03
3.494384384384384146e-01,1.139033247985766911e-01,1.990632834950913435e-02
3.502882882882882853e-01,6.385651538773227942e-02,-5.515084317637874295e-02
3.511381381381381561e-01,1.173927671350023239e-01,2.515963300147869286e-02
3.519879879879879714e-01,1.442651003454914482e-01,6.547815455612199242e-02
3.528378378378378422e-01,9.924222865925166892e-02,-2.044621929789421609e-03
3.536876876876877129e-01,1.314667885992952812e-01,4.630229774310906654e-02
3.545375375375375282e-01,6.333673290853114590e-02,-5.584904506687685816e-02
3.553873873873873990e-01,1.314309628325903145e-01,4.641278980902312223e-02
3.562372372372372142e-01,1.085566392575621902e-01,1.241710178562492779e-02
3.570870870870870850e-01,1.069304414703379086e-01,1.017476232267270145e-02
3.579369369369369558e-01,1.246018896180196150e-01,3.631683603300928792e-02
3.587867867867867711e-01,6.690518809128784272e-02,-5.065495644034959111e-02
3.596366366366366418e-01,1.106678869708690310e-01,1.498916007280897897e-02
3.604864864864865126e-01,8.180714540292033377e-02,-2.818305836689934465e-02
3.613363363363363279e-01,8.256312552199090993e-02,-2.699875381198318935e-02
3.621861861861861986e-01,1.062252580144667086e-01,8.518699344130943596e-03
3.630360360360360139e-01,8.790395612481916032e-02,-1.895900385299250160e-02
3.638858858858858847e-01,9.062097884790193403e-02,-1.487218620934447656e-02
3.647357357357357555e-01,1.447898066712455800e-01,6.638682513477579816e-02
3.655855855855855707e-01,1.060895692623580466e-01,8.343617365035577507e-03
3.664354354354354415e-01,1.398015889223087060e-01,5.892078916025141055e-02
3.672852852852853123e-01,1.170889271699667444e-01,2.485630461654324622e-02
3.681351351351351275e-01,8.733879406602605699e-02,-1.975906249237863871e-02
3.689849849849849983e-01,6.988516794124796649e-02,-4.593439787598173341e-02
3.698348348348348136e-01,1.067003717432443710e-01,9.296203962841562835e-03
3.706846846846846844e-01,1.247686307323000038e-01,3.640587467586656190e-02
3.715345345345345551e-01,8.727452846972390266e-02,-1.982986633279458163e-02
3.723843843843843704e-01,6.659593171571825954e-02,-5.083906920371934757e-02
3.732342342342342412e-01,1.295841695995260112e-01,4.364808278419780169e-02
3.740840840840841119e-01,7.848639607454371836e-02,-3.299075939559771575e-02
3.749339339339339272e-01,9.200358981456932539e-02,-1.270877379433746866e-02
3.757837837837837980e-01,7.413036908988018814e-02,-3.951276719381863894e-02
3.766336336336336132e-01,1.153564753695270756e-01,2.233408046603435962e-02
3.774834834834834840e-01,8.021296852754145057e-02,-3.037653640813430325e-02
3.783333333333333548e-01,1.058968426401099977e-01,8.156964563572439639e-03
3.791831831831831701e-01,8.793932295658463127e-02,-1.877398160862221374e-02
3.800330330330330408e-01,8.499251729392640065e-02,-2.318813150691513905e-02
3.808828828828829116e-01,9.028943871895761530e-02,-1.523591115343750704e-02
3.817327327327327269e-01,1.018774676917979516e-01,2.150716453163415212e-03
3.825825825825825977e-01,8.451425792773709089e-02,-2.388667079314491654e-02
3.834324324324324129e-01,7.401364752787567558e-02,-3.963301022020579434e-02
3.842822822822822837e-01,9.867627016724228595e-02,-2.632779605746732310e-03
3.851321321321321545e-01,1.159559267846096697e-01,2.329273373367012415e-02
3.859819819819819697e-01,1.123386056476739503e-01,1.787129361985544812e-02
3.868318318318318405e-01,1.053860466347190522e-01,7.449564254601127172e-03
3.876816816816816558e-01,7.431441372519817512e-02,-3.915395536798964987e-02
3.885315315315315265e-01,7.815623182332667729e-02,-3.338462952189234778e-02
3.893813813813813973e-01,1.488774865338906017e-01,7.270233258300080881e-02
3.902312312312312126e-01,1.062255602896356732e-01,8.729082951653676856e-03
3.910810810810810834e-01,8.731988989515616917e-02,-1.962262669659512598e-02
3.919309309309309541e-01,1.227229918891623583e-01,3.348529221558738111e-02
3.927807807807807694e-01,7.686405716772305718e-02,-3.529607575050185131e-02
3.936306306306306402e-01,9.320323354419807194e-02,-1.078345767294263194e-02
3.944804804804804554e-01,1.016283327561021965e-01,1.859375006481801557e-03
3.953303303303303262e-01,5.996553537375186316e-02,-6.062859926454285120e-02
3.961801801801801970e-01,5.671175010659391252e-02,-6.550675509243727990e-02
3.970300300300300123e-01,3.497580099895544747e-02,-9.810245678440314421e-02
3.978798798798798830e-01,8.722860015588712601e-02,-1.972012184583383371e-02
3.987297297297297538e-01,5.110634287076034482e-02,-7.388794415854527120e-02
3.995795795795795691e-01,1.011187968036142554e-01,1.172177325513456408e-03
4.004294294294294398e-01,6.150203390312483642e-02,-5.813376132618550129e-02
4.012792792792792551e-01,9.824981536206338351e-02,-2.862624492195145129e-03
4.021291291291291259e-01,8.338168353187809523e-02,-2.529065865452981635e-02
4.029789789789789967e-01,1.259960873746197585e-01,3.831875693117187814e-02
4.038288288288288119e-01,9.246261955142165423e-02,-1.204398086270986115e-02
4.046786786786786827e-01,1.005396077938824767e-01,1.937343076013138717e-04
4.055285285285285535e-01,5.138299518962397006e-02,-7.347284455198228870e-02
4.063783783783783687e-01,1.093136205717407244e-01,1.344935551816057485e-02
4.072282282282282395e-01,7.306113537659730817e-02,-4.092203882089780198e-02
4.080780780780780548e-01,4.203881793619396179e-02,-8.745149896530723943e-02
4.089279279279279256e-01,1.169738538338284256e-01,2.495713151714868891e-02
4.097777777777777963e-01,4.746448279812533894e-02,-7.930502607263778536e-02
4.106276276276276116e-01,8.478305221552336068e-02,-2.332093640019580749e-02
4.114774774774774824e-01,3.393330131876709510e-02,-9.959287670076469312e-02
4.123273273273273531e-01,1.535239044754061755e-01,7.979751190731067256e-02
4.131771771771771684e-01,9.256965680282550069e-02,-1.162937960306452238e-02
4.140270270270270392e-01,5.589851725568809049e-02,-6.663325043352691379e-02
4.148768768768768544e-01,1.215388570515563149e-01,3.183260231548491054e-02
4.157267267267267252e-01,1.042505590910962204e-01,5.902731187665537227e-03
4.165765765765765960e-01,1.327649691113977903e-01,4.867901164704989403e-02
4.174264264264264113e-01,1.002106435651757832e-01,-1.487988562016361277e-04
4.182762762762762820e-01,7.935516363310052279e-02,-3.142878012626244832e-02
4.191261261261261528e-01,9.467561318482690946e-02,-8.443413509061397509e-03
4.199759759759759681e-01,1.143068886293332059e-01,2.100608253295914440e-02
4.208258258258258389e-01,9.709985697196622800e-02,-4.799865209654620435e-03
4.216756756756756541e-01,8.445365814046180974e-02,-2.376605248146590119e-02
4.225255255255255249e-01,1.313656690604001476e-01,4.660546032506758529e-02
4.233753753753753957e-01,1.421264621646628201e-01,6.275081567837734187e-02
4.242252252252252109e-01,1.319250068331219161e-01,4.745120700647985357e-02
4.250750750750750817e-01,1.126748689921587276e-01,1.858044633317822852e-02
4.259249249249249525e-01,1.115626071889622983e-01,1.691475164378962795e-02
4.267747747747747677e-01,5.831535108407388812e-02,-6.295243442156833735e-02
4.276246246246246385e-01,1.416340017289327013e-01,6.202918070468386308e-02
4.284744744744744538e-01,9.960802896750438340e-02,-1.007188871901908752e-03
4.293243243243243246e-01,6.782571029359030224e-02,-4.867637165221662399e-02
4.301741741741741953e-01,9.146407650159496527e-02,-1.321648209833398840e-02
4.310240240240240106e-01,9.843518595438248420e-02,-2.755958940664635353e-03
4.318738738738738814e-01,1.055985860829107836e-01,7.992238956775213343e-03
4.327237237237237522e-01,1.059976147699471377e-01,8.593486471705392635e-03
4.335735735735735674e-01,1.409513304058636063e-01,6.102816310126617239e-02
4.344234234234234382e-01,6.607998187378544275e-02,-5.127690029008055012e-02
4.352732732732732535e-01,1.113063285284300041e-01,1.656671352498914271e-02
4.361231231231231242e-01,7.334209906266681012e-02,-4.037713843256145185e-02
4.369729729729729950e-01,1.022167494993968806e-01,2.937787500383714796e-03
4.378228228228228103e-01,8.392332021880925808e-02,-2.449857478450177123e-02
4.386726726726726810e-01,1.049955130221763566e-01,7.111312063645271186e-03
4.395225225225224963e-01,1.372100341409118185e-01,5.543764647531829876e-02
4.403723723723723671e-01,1.393707987135636150e-01,5.868030899823325347e-02
4.412222222222222379e-01,7.630516047530438994e-02,-3.591450097212477155e-02
4.420720720720720531e-01,1.226399452850949479e-01,3.359099979534223984e-02
4.429219219219219239e-01,8.290012940119353968e-02,-2.601522978246155124e-02
4.437717717717717947e-01,8.273850225332632369e-02,-2.624187101246353362e-02
4.446216216216216099e-01,1.415989778160470225e-01,6.208727547138120917e-02
4.454714714714714807e-01,7.396872798011921990e-02,-3.928067214259776258e-02
4.463213213213212960e-01,8.261216653244767005e-02,-2.633795274488128987e-02
4.471711711711711668e-01,1.057579232368608263e-01,8.181376611775205768e-03
4.480210210210210375e-01,9.628506487910434841e-02,-6.132752209878175598e-03
4.488708708708708528e-01,8.474526674012604344e-02,-2.335081454433339185e-02
4.497207207207207236e-01,1.143446820128800195e-01,2.113583750861475208e-02
4.505705705705705943e-01,1.487483569492038804e-01,7.277122474153385756e-02
4.514204204204204096e-01,7.866369258147062893e-02,-3.234457646088863964e-02
4.522702702702702804e-01,1.250404850789880451e-01,3.722219070588148743e-02
4.531201201201200957e-01,1.070183615174301883e-01,1.019343281895439789e-02
4.539699699699699664e-01,1.442448869455923710e-01,6.603469742412169941e-02
4.548198198198198372e-01,1.680046059860295926e-01,1.016769539944424455e-01
4.556696696696696525e-01,1.315478968528612236e-01,4.699488940168518314e-02
4.565195195195195232e-01,9.094461328877925799e-02,-1.390861716197711387e-02
4.573693693693693940e-01,1.052730062374403891e-01,7.587514737723874240e-03
4.582192192192192093e-01,7.230010839560495339e-02,-4.187040137035254184e-02
4.590690690690690801e-01,1.159029188689199852e-01,2.353673467732397134e-02
4.599189189189188953e-01,6.727160650518641816e-02,-4.940792730331094312e-02
4.607687687687687661e-01,-4.514645962244073774e-03,-1.570854412149477186e-01
4.616186186186186369e-01,1.135039669611176416e-01,1.994554141557596666e-02
4.624684684684684521e-01,9.262913566792606301e-02,-1.136524043091321004e-02
4.633183183183183229e-01,1.075173335211836723e-01,1.096994993588867526e-02
4.641681681681681937e-01,8.032422730118257692e-02,-2.981777693563334580e-02
4.650180180180180090e-01,1.390059323312595740e-01,5.820689765686080930e-02
4.658678678678678797e-01,1.237140640431900890e-01,3.527176123319190892e-02
4.667177177177176950e-01,9.682312170183973721e-02,-5.063157851655560732e-03
4.675675675675675658e-01,7.132402885701540074e-02,-4.330896941879566059e-02
4.684174174174174365e-01,1.343018228549675008e-01,5.115939490345854102e-02
4.692672672672672518e-01,1.443400989213662611e-01,6.621906853962389317e-02
4.701171171171171226e-01,8.582370987197743273e-02,-2.155320003942610280e-02
4.709669669669669934e-01,1.236109887138851920e-01,3.512927770484420426e-02
4.718168168168168086e-01,5.341244526285528205e-02,-7.016580509472555849e-02
4.726666666666666794e-01,8.722255018491814615e-02,-1.944921078143168128e-02
4.735165165165164947e-01,5.965817977554349616e-02,-6.079338738128726299e-02
4.743663663663663654e-01,6.096425019096643472e-02,-5.883228243894902953e-02
4.752162162162162362e-01,6.296426687488618223e-02,-5.583061275258199146e-02
4.760660660660660515e-01,1.018857156157143978e-01,2.554148195581906148e-03
4.769159159159159223e-01,8.941287877419636099e-02,-1.615387643806651813e-02
4.777657657657657930e-01,1.397336196885959614e-01,5.932977237721772518e-02
4.786156156156156083e-01,1.269665202506879143e-01,4.018076211444585044e-02
4.794654654654654791e-01,4.770509785606729530e-02,-7.870960450501053585e-02
4.803153153153152943e-01,1.046543792304201748e-01,6.716731575364376892e-03
4.811651651651651651e-01,1.544241261527053433e-01,8.137241044141946267e-02
4.820150150150150359e-01,8.981440752273822659e-02,-1.553942361304280068e-02
4.828648648648648511e-01,7.475278203159993473e-02,-3.813073020286894543e-02
4.837147147147147219e-01,1.388607795942918832e-01,5.803334783727152890e-02
4.845645645645645927e-01,1.312915095075251337e-01,4.668156369495325697e-02
4.854144144144144080e-01,1.020809962916990055e-01,2.866697536226669920e-03
4.862642642642642787e-01,1.155075405256944382e-01,2.300961429302626760e-02
4.871141141141140940e-01,1.176859654749382311e-01,2.627785686894342984e-02
4.879639639639639648e-01,1.182890333357429075e-01,2.718796438385675737e-02
4.888138138138138356e-01,1.043225880006818651e-01,6.250318710614629139e-03
4.896636636636636508e-01,1.235398366751126464e-01,3.510533135251935749e-02
4.905135135135135216e-01,8.290757651234059722e-02,-2.583620400220929328e-02
4.913633633633633369e-01,1.179637621590057944e-01,2.663805478782472688e-02
4.922132132132132076e-01,7.289597183442118877e-02,-4.107804044713603275e-02
4.930630630630630784e-01,8.468499281356020592e-02,-2.335194195749891802e-02
4.939129129129128937e-01,1.202899169846340238e-01,3.014892361732591716e-02
4.947627627627627644e-01,8.104744576907234321e-02,-2.867675713896621070e-02
4.956126126126126352e-01,6.941237319093013225e-02,-4.611707878127693783e-02
4.964624624624624505e-01,1.496381614930084036e-01,7.422437056125828769e-02
4.973123123123123213e-01,1.407345133740428023e-01,6.087075719314555267e-02
4.981621621621621365e-01,8.233103643457614917e-02,-2.673218575145313095e-02
4.990120120120120073e-01,1.612312965895634220e-01,9.161878556018496211e-02
4.998618618618618781e-01,1.096957753171798888e-01,1.431804700584203387e-02
5.007117117117116933e-01,9.495759965486894050e-02,-7.788442315924147541e-03
5.015615615615615086e-01,1.116451992412529626e-01,1.724484495385719685e-02
5.024114114114114349e-01,2.230016839924894856e-02,-1.167711488841677997e-01
5.032612612612612502e-01,7.240412337318087588e-02,-4.161413007366591976e-02
5.041111111111110654e-01,5.480777031375702602e-02,-6.800655492877548391e-02
5.049609609609609917e-01,1.662105820390396282e-01,9.909848891244041336e-02
5.058108108108108070e-01,1.392491158455082534e-01,5.865821041202597119e-02
5.066606606606606222e-01,7.084602858400709802e-02,-4.394515607168143767e-02
5.075105105105105485e-01,1.224151939374348852e-01,3.340989965015228602e-02
5.083603603603603638e-01,1.128005395597661553e-01,1.898970799556542327e-02
5.092102102102101790e-01,1.210882350042942479e-01,3.142215090001562044e-02
5.100600600600601053e-01,1.076978273236687822e-01,1.133842423846645464e-02
5.109099099099099206e-01,1.060808064926412608e-01,8.913958903788142887e-03
5.117597597597597359e-01,1.238110058207249342e-01,3.551069124464411447e-02
5.126096096096096622e-01,1.298622943748065361e-01,4.458917953205199236e-02
5.134594594594594774e-01,8.497361600364296275e-02,-2.274287066007836533e-02
5.143093093093092927e-01,3.866576688145217239e-02,-9.220284098908861081e-02
5.151591591591591079e-01,1.191074547166336289e-01,2.846060801189570499e-02
5.160090090090090342e-01,8.900122851232038224e-02,-1.669718944042034720e-02
5.168588588588588495e-01,9.505243668811665103e-02,-7.619038845441732100e-03
5.177087087087086648e-01,1.346697415067149017e-01,5.180794239317508543e-02
5.185585585585585910e-01,1.332562971712768218e-01,4.968948739134386450e-02
5.194084084084084063e-01,9.595120494253575605e-02,-6.267342271580995938e-03
5.202582582582582216e-01,8.309972280215144336e-02,-2.554292899664415209e-02
5.211081081081081479e-01,6.423645268624517124e-02,-5.383673543569095915e-02
5.219579579579579631e-01,5.941861546581709425e-02,-6.106237513589298643e-02
5.228078078078077784e-01,1.216222340362158871e-01,3.224466487387668556e-02
5.236576576576577047e-01,1.206240843576749516e-01,3.074814252297231390e-02
5.245075075075075199e-01,1.396111105577693690e-01,5.923041837260443337e-02
5.253573573573573352e-01,7.281303126402750847e-02,-4.096587427660343395e-02
5.262072072072072615e-01,8.712794403940292420e-02,-1.949221286265490072e-02
5.270570570570570768e-01,9.731351274388394534e-02,-4.212420532908876455e-03
5.279069069069068920e-01,1.198996394528736020e-01,2.966737273924766397e-02
5.287567567567567073e-01,1.184300050974387286e-01,2.746483512725374568e-02
5.296066066066066336e-01,1.116638096402582242e-01,1.731596317371861954e-02
5.304564564564564488e-01,1.257481204284943144e-01,3.844409180651954527e-02
5.313063063063062641e-01,1.606688699585985258e-01,9.082625487706265377e-02
5.321561561561561904e-01,1.205210354575402820e-01,3.060558817079413185e-02
5.330060060060060056e-01,1.086769122411557903e-01,1.284396347592019552e-02
5.338558558558558209e-01,1.317247822060738094e-01,4.742347886379193189e-02
5.347057057057057472e-01,3.529611207627789127e-02,-9.721278465364721622e-02
5.355555555555555625e-01,9.265939089750098445e-02,-1.122013888020254035e-02
5.364054054054053777e-01,1.223794922114432582e-01,3.326300677613596574e-02
5.372552552552553040e-01,7.879790291276886349e-02,-3.211292027137097049e-02
5.381051051051051193e-01,1.129159579156954613e-01,1.914460252575945695e-02
5.389549549549549345e-01,1.151256834652808203e-01,2.250711870889984811e-02
5.398048048048048608e-01,1.509727853470831105e-01,7.628994801290797656e-02
5.406546546546546761e-01,1.164242818038645905e-01,2.447121027985484434e-02
5.415045045045044914e-01,4.872288575174398007e-02,-7.708046170283038012e-02
5.423543543543543066e-01,9.440768117619151301e-02,-8.551209308782038720e-03
5.432042042042042329e-01,1.791086408903141414e-01,1.185006235265062130e-01
5.440540540540540482e-01,1.107510408065092988e-01,1.596547879913158899e-02
5.449039039039038634e-01,1.102485325784688525e-01,1.521285256654283241e-02
5.457537537537537897e-01,1.049175834749620784e-01,7.217017820498195478e-03
5.466036036036036050e-01,6.635139225123082296e-02,-5.063074327074278125e-02
5.474534534534534203e-01,8.198125028050926022e-02,-2.718549731177184389e-02
5.483033033033033465e-01,1.493777396673964253e-01,7.391056979959911843e-02
5.491531531531531618e-01,1.370494639334600695e-01,5.541900939760493333e-02
5.500030030030029771e-01,1.640383098201083079e-01,9.590309369818021679e-02
5.508528528528529034e-01,1.714189211300743421e-01,1.069752820659243125e-01
5.517027027027027186e-01,4.478624048393312074e-02,-8.297319307095980812e-02
5.525525525525525339e-01,4.290876079325621484e-02,-8.578811568269158194e-02
5.534024024024023491e-01,1.336096341154718870e-01,5.026389578548908638e-02
5.542522522522522754e-01,1.396078469428431723e-01,5.926216158135710899e-02
5.551021021021020907e-01,3.573651157128414357e-02,-9.654375409080791226e-02
5.559519519519519060e-01,4.066247692309061385e-02,-8.915420444031051106e-02
5.568018018018018322e-01,1.424068851394878488e-01,6.346364779938507006e-02
5.576516516516516475e-01,1.088747167472817745e-01,1.316600728975110372e-02
5.585015015015014628e-01,1.154491245878964262e-01,2.302864947848254004e-02
5.593513513513513891e-01,1.289202670630283931e-01,4.323628267807105158e-02
5.602012012012012043e-01,8.134472881737814243e-02,-2.812636579788424865e-02
5.610510510510510196e-01,1.124788389019663187e-01,1.857598307554399544e-02
5.619009009009009459e-01,1.127422656918776744e-01,1.897166197611157776e-02
5.627507507507507611e-01,5.742631200814105052e-02,-6.400118082438260858e-02
5.636006006006005764e-01,1.098221089371576309e-01,1.459328003461040496e-02
5.644504504504505027e-01,1.043560448562720622e-01,6.394919646312133797e-03
5.653003003003003180e-01,1.169279715661680069e-01,2.525391599467749840e-02
5.661501501501501332e-01,7.969907143726265297e-02,-3.058896542566754903e-02
5.669999999999999485e-01,1.752063504976977271e-01,1.126731096095268253e-01
5.678498498498498748e-01,4.593829496483530644e-02,-8.122836874081776348e-02
5.686996996996996900e-01,3.921107229476104156e-02,-9.131837045759037819e-02
5.695495495495495053e-01,8.182222176728606855e-02,-2.740065283709965799e-02
5.703993993993994316e-01,6.143322143335454288e-02,-5.798372890137501456e-02
5.712492492492492469e-01,9.985868671149916720e-02,-3.442782769243295498e-04
5.720990990990990621e-01,1.339686507248681879e-01,5.082104364156297960e-02
5.729489489489489884e-01,1.094095343574013751e-01,1.398337794814498956e-02
5.737987987987988037e-01,9.943342440230161505e-02,-9.799761740387322347e-04
5.746486486486486189e-01,1.431476143131722445e-01,6.459174080324585343e-02
5.754984984984985452e-01,1.543981208321208720e-01,8.146885822051762316e-02
5.763483483483483605e-01,1.667849105509469632e-01,1.000490348474873670e-01
5.771981981981981757e-01,7.541522050230561880e-02,-3.700369355170812780e-02
5.780480480480481020e-01,1.672776259685054556e-01,1.007916100278097721e-01
5.788978978978979173e-01,1.005591028577468432e-01,7.152003603115138436e-04
5.797477477477477326e-01,7.703376963161034929e-02,-3.459462742077563241e-02
5.805975975975975478e-01,1.116588878012368530e-01,1.727578456460031331e-02
5.814474474474474741e-01,1.723615172589402778e-01,1.082978207325291653e-01
5.822972972972972894e-01,9.136485006941157117e-02,-1.314364503034518884e-02
5.831471471471471046e-01,1.556924050208194910e-01,8.340135262567870134e-02
5.839969969969970309e-01,1.304726843626675126e-01,4.558551197479554506e-02
5.848468468468468462e-01,5.913990646582205357e-02,-6.141064090306291856e-02
5.856966966966966615e-01,1.056704942498823824e-01,8.385542451011664816e-03
5.865465465465465877e-01,6.596505770080623998e-02,-5.117173529520362141e-02
5.873963963963964030e-01,3.837502882395978782e-02,-9.255583224034594214e-02
5.882462462462462183e-01,1.027387775052583663e-01,3.990029486091017236e-03
5.890960960960961446e-01,1.407349334087575898e-01,6.098545520915341078e-02
5.899459459459459598e-01,1.340047906843444270e-01,5.089047225024882770e-02
5.907957957957957751e-01,6.637552213694754288e-02,-5.055248260225556067e-02
5.916456456456457014e-01,1.431191380686756554e-01,6.456354181172448137e-02
5.924954954954955166e-01,1.250219857055130113e-01,3.741832461692878170e-02
5.933453453453453319e-01,1.015373772978381967e-01,2.192360690361585141e-03
5.941951951951951472e-01,1.116215357738571667e-01,1.731891262439252954e-02
5.950450450450450735e-01,8.827279701410342683e-02,-1.770327009460813741e-02
5.958948948948948887e-01,1.582476306909528507e-01,8.725946403379752914e-02
5.967447447447447040e-01,1.427057500005165513e-01,6.394728054940659878e-02
5.975945945945946303e-01,4.884504523137626203e-02,-7.684299469469056676e-02
5.984444444444444455e-01,1.216241398060262935e-01,3.232602378438944463e-02
5.992942942942942608e-01,8.842757193485882572e-02,-1.746793763420682877e-02
6.001441441441441871e-01,7.790225559456025184e-02,-3.325549674573721054e-02
6.009939939939940023e-01,3.412863686499018057e-02,-9.891522345785178083e-02
6.018438438438438176e-01,1.180611310471684078e-01,2.698417443529664561e-02
6.026936936936937439e-01,1.510287516345462377e-01,7.643604283988365833e-02
6.035435435435435592e-01,6.671811055828624770e-02,-5.002907688950825743e-02
6.043933933933933744e-01,7.383338270294245720e-02,-3.935580836268195298e-02
6.052432432432431897e-01,3.770614195174883110e-02,-9.354591847348173173e-02
6.060930930930931160e-01,1.035184125484657353e-01,5.173040038220597971e-03
6.069429429429429312e-01,1.124481895242249729e-01,1.856819721631112682e-02
6.077927927927927465e-01,4.468742419252155762e-02,-8.307217153019237632e-02
6.086426426426426728e-01,1.357526736301136183e-01,5.352602696911078206e-02
6.094924924924924881e-01,1.043896938689430065e-01,6.482358249661047608e-03
6.103423423423423033e-01,9.648590114999477940e-02,-5.372891666522073943e-03
6.111921921921922296e-01,5.627491752219788979e-02,-6.568881413654721613e-02
6.120420420420420449e-01,1.222302333233094562e-01,3.324487060802977512e-02
6.128918918918918601e-01,1.092320712737646776e-01,1.374793075380486250e-02
6.137417417417417864e-01,1.149412516091211783e-01,2.231254791245933233e-02
6.145915915915916017e-01,1.173578975307613403e-01,2.593781792000859898e-02
6.154414414414414169e-01,9.485055582597101687e-02,-7.822533860149335008e-03
6.162912912912913432e-01,1.126549412071975870e-01,1.888465310950484394e-02
6.171411411411411585e-01,1.012111153022940968e-01,1.719206895804297960e-03
6.179909909909909738e-01,5.995130016716666149e-02,-6.016960922942801021e-02
6.188408408408407890e-01,1.150284789661821516e-01,2.244627195130003902e-02
6.196906906906907153e-01,8.741182266823212255e-02,-1.897783704456760048e-02
6.205405405405405306e-01,5.731821386780357880e-02,-6.411791322749423039e-02
6.213903903903903458e-01,5.681402838175386716e-02,-6.487383315431818898e-02
6.222402402402402721e-01,1.209788866136242980e-01,3.137434430268121188e-02
6.230900900900900874e-01,8.995870014627581346e-02,-1.515703416387760745e-02
6.239399399399399027e-01,9.511067559318805986e-02,-7.437926434572189084e-03
6.247897897897898289e-01,9.863168248894996215e-02,-2.195237380444363135e-03
6.256396396396396442e-01,1.126851643232082145e-01,1.884545149928716981e-02
6.264894894894894595e-01,1.120269589878024608e-01,1.788204063398352375e-02
6.273393393393393858e-01,9.301939606344974965e-02,-1.057827738117059733e-02
6.281891891891892010e-01,7.321201655284226284e-02,-4.027147971973080165e-02
6.290390390390390163e-01,6.284692165299853028e-02,-5.581875377315646813e-02
6.298888888888889426e-01,5.254064846848145037e-02,-7.127824812024269319e-02
6.307387387387387578e-01,9.805817257806366538e-02,-3.002216537489254319e-03
6.315885885885885731e-01,7.302935860632134291e-02,-4.054442421733293195e-02
6.324384384384383884e-01,1.042460232451956903e-01,6.280649319655494910e-03
6.332882882882883147e-01,7.798274037841823603e-02,-3.311358793977234316e-02
6.341381381381381299e-01,4.926028628927007352e-02,-7.619680926948205202e-02
6.349879879879879452e-01,1.370343358705482240e-02,-1.295317855993591005e-01
6.358378378378378715e-01,1.121589218843491720e-01,1.815218509096977115e-02
6.366876876876876867e-01,9.937578923606531223e-02,-1.022352540802135522e-03
6.375375375375375020e-01,8.368041724049031516e-02,-2.456471982466978260e-02
6.383873873873874283e-01,9.385730007082772330e-02,-9.299052809664582267e-03
6.392372372372372435e-01,7.546391494401358258e-02,-3.688870336714323434e-02
6.400870870870870588e-01,1.186189269364014004e-01,2.784440066903121763e-02
6.409369369369369851e-01,1.627938614036966436e-01,9.410703921845818554e-02
6.417867867867868004e-01,9.713397365415714357e-02,-4.382134128203477551e-03
6.426366366366366156e-01,1.052299015311808361e-01,7.762039339616338615e-03
6.434864864864865419e-01,1.190624231226274088e-01,2.851131257122248991e-02
6.443363363363363572e-01,1.065736034171817365e-01,9.778571684402792910e-03
6.451861861861861724e-01,1.264081530081067051e-01,3.953068577535198691e-02
6.460360360360359877e-01,1.729656888879808618e-01,1.093676025569226135e-01
6.468858858858859140e-01,4.156338124603348866e-02,-8.773561090146872465e-02
6.477357357357357293e-01,1.002801773643825639e-01,3.401195222470983779e-04
6.485855855855855445e-01,2.635201118146827948e-02,-1.105517252802521444e-01
6.494354354354354708e-01,9.125387373620003073e-02,-1.319860002537539406e-02
6.502852852852852861e-01,1.617388810217072204e-01,9.252948068633451428e-02
6.511351351351351013e-01,8.614028905024871674e-02,-2.086817772732922627e-02
6.519849849849850276e-01,1.016394562310102556e-01,2.381139106339013115e-03
6.528348348348348429e-01,1.130109389516058133e-01,1.943868496748303587e-02
6.536846846846846582e-01,1.642724388737074881e-01,9.633131757210924850e-02
6.545345345345345844e-01,1.066210683618566551e-01,9.854784216706595490e-03
6.553843843843843997e-01,1.032821167793303435e-01,4.846569376181594779e-03
6.562342342342342150e-01,7.737435398110795171e-02,-3.401448276068502058e-02
6.570840840840840302e-01,1.109039934629385271e-01,1.628021619062661532e-02
6.579339339339339565e-01,1.301073197369178314e-01,4.508565695874944962e-02
6.587837837837837718e-01,6.589877520238207609e-02,-5.122670976363092460e-02
6.596336336336335870e-01,1.185307442492226776e-01,2.772145065502090375e-02
6.604834834834835133e-01,1.513881165410826402e-01,7.700813970453457280e-02
6.613333333333333286e-01,1.271249606261353193e-01,4.061353860101150209e-02
6.621831831831831439e-01,3.135188767492402828e-02,-1.030455142639539051e-01
6.630330330330330701e-01,3.673852913907860174e-02,-9.496522522067347982e-02
6.638828828828828854e-01,1.048352732360934153e-01,7.180141565535799741e-03
6.647327327327327007e-01,4.494265494364502872e-02,-8.265812721192873636e-02
6.655825825825826270e-01,1.730302315497056487e-01,1.094731501271851148e-01
6.664324324324324422e-01,6.470085806416167595e-02,-5.302027104318617762e-02
6.672822822822822575e-01,4.672028067059959960e-02,-7.999197366845134383e-02
6.681321321321321838e-01,7.975531390130316534e-02,-3.044357193857928287e-02
6.689819819819819990e-01,9.740189158084525123e-02,-3.992550963542113376e-03
6.698318318318318143e-01,1.153977603777403688e-01,2.296856353398022549e-02
6.706816816816816296e-01,9.545246317149605475e-02,-6.947894403127836266e-03
6.715315315315315559e-01,1.407850854573143851e-01,6.109139627922796634e-02
6.723813813813813711e-01,6.605351330573545898e-02,-5.098319961894495767e-02
6.732312312312311864e-01,1.397935314465142409e-01,5.962541131633408015e-02
6.740810810810811127e-01,1.254966459098704745e-01,3.817793065302749200e-02
6.749309309309309279e-01,1.595249951114649511e-01,8.921948983064414973e-02
6.757807807807807432e-01,1.444343244906495793e-01,6.658382969352277803e-02
6.766306306306306695e-01,1.131158920393666445e-01,1.960657382500043816e-02
6.774804804804804848e-01,4.825888672371049515e-02,-7.767880133771239148e-02
6.783303303303303000e-01,1.295221777935838536e-01,4.421674831402277323e-02
6.791801801801802263e-01,6.853624041143668855e-02,-4.726209826752052895e-02
6.800300300300300416e-01,1.842022675355852179e-01,1.262374749794555606e-01
6.808798798798798568e-01,3.125936837130889601e-02,-1.031766278776524715e-01
6.817297297297297831e-01,1.044605338182515580e-01,6.625403918954215869e-03
6.825795795795795984e-01,4.806331100176305243e-02,-7.796996691598355456e-02
6.834294294294294136e-01,7.865161350930725825e-02,-3.208737404299014107e-02
6.842792792792792289e-01,1.013150095959370056e-01,1.908217843684388657e-03
6.851291291291291552e-01,9.242359329928270806e-02,-1.142871118442329546e-02
6.859789789789789705e-01,1.650176947779223857e-01,9.746279418624853585e-02
6.868288288288287857e-01,9.470667504982532847e-02,-8.003363195128565533e-03
6.876786786786787120e-01,1.865644029069505327e-01,1.297834156415730023e-01
6.885285285285285273e-01,1.436291115940088459e-01,6.538094126494115033e-02
6.893783783783783425e-01,1.877233694747904580e-01,1.315225031342593665e-01
6.902282282282282688e-01,1.354789199897497853e-01,5.315621716767497673e-02
6.910780780780780841e-01,1.026896710380617583e-01,3.972644625294697099e-03
6.919279279279278994e-01,5.772072445422138376e-02,-6.348054608953393463e-02
6.927777777777778256e-01,5.173282322686682116e-02,-7.246196824231269928e-02
6.936276276276276409e-01,1.011076199422772659e-01,1.600386599436218844e-03
6.944774774774774562e-01,7.749962421019447600e-02,-3.381119802774100458e-02
6.953273273273273825e-01,1.504986151059749533e-01,7.568753222079777077e-02
6.961771771771771977e-01,5.135691664695631736e-02,-7.302474432543586136e-02
6.970270270270270130e-01,9.468260087522571700e-02,-8.035829586539217778e-03
6.978768768768768282e-01,1.430140759710120668e-01,6.446153268090035193e-02
6.987267267267267545e-01,1.358607333154433494e-01,5.373194929379382367e-02
6.995765765765765698e-01,1.016838994221449660e-01,2.466886628412801995e-03
7.004264264264263851e-01,1.050843881328299284e-01,7.567933229746177590e-03
7.012762762762763113e-01,2.491251636313364382e-02,-1.126895362292593405e-01
7.021261261261261266e-01,1.340426342291901329e-01,5.100579348321909040e-02
7.029759759759759419e-01,1.160951689372852341e-01,2.408504718105075257e-02
7.038258258258258682e-01,2.113086485592510777e-01,1.669053839003189210e-01
7.046756756756756834e-01,1.445646754220512031e-01,6.678980069163245603e-02
7.055255255255254987e-01,4.301124787073991318e-02,-8.554006968746993844e-02
7.063753753753754250e-01,9.902608596447691480e-02,-1.517640059394350337e-03
7.072252252252252402e-01,1.253743235861900784e-01,3.800518274423386744e-02
7.080750750750750555e-01,2.124500769758639329e-01,1.686188354268316758e-01
7.089249249249248708e-01,8.864143731887512423e-02,-1.709362128007963985e-02
7.097747747747747971e-01,1.035948869905112674e-01,5.336660634934766237e-03
7.106246246246246123e-01,8.323730994490827206e-02,-2.519951595151018880e-02
7.114744744744744276e-01,7.411645109287132160e-02,-3.888078544586651836e-02
7.123243243243243539e-01,1.035281068237114133e-01,5.234534692294717101e-03
7.131741741741741691e-01,6.441458238595551555e-02,-5.344368430805572501e-02
7.140240240240239844e-01,7.801116094675680790e-02,-3.306943759040047864e-02
7.148738738738739107e-01,1.075946367757450867e-01,1.129623747091850448e-02
7.157237237237237260e-01,4.488446557773165257e-02,-8.274315256500340554e-02
7.165735735735735412e-01,9.461764008073669796e-02,-8.117824548474983359e-03
7.174234234234234675e-01,1.979679781389120929e-02,-1.203493766868937581e-01
7.182732732732732828e-01,8.021790350691036797e-02,-2.972328129772928290e-02
7.191231231231230980e-01,5.694246398192097380e-02,-6.463836592157191918e-02
7.199729729729730243e-01,1.274185144778448298e-01,4.107515465979948849e-02
7.208228228228228396e-01,1.673662302946795633e-01,1.009972192826681103e-01
7.216726726726726548e-01,7.697105303912604723e-02,-3.459557114799066690e-02
7.225225225225224701e-01,4.841851917225801355e-02,-7.742395445723135317e-02
7.233723723723723964e-01,1.143527701882309511e-01,2.147760980839931097e-02
7.242222222222222117e-01,7.111197489211437683e-02,-4.338340138855404510e-02
7.250720720720720269e-01,1.148590324930821582e-01,2.223756863845514561e-02
7.259219219219219532e-01,8.545105204944239419e-02,-2.187433804441834065e-02
7.267717717717717685e-01,1.229307815906493101e-01,3.434564705710085181e-02
7.276216216216215837e-01,1.001447474912117996e-01,1.667362337496357608e-04
7.284714714714715100e-01,1.491488828327965088e-01,7.367319340755451584e-02
7.293213213213213253e-01,1.426117451431103134e-01,6.386777696231457635e-02
7.301711711711711406e-01,1.476907999856771625e-01,7.148647798905014006e-02
7.310210210210210668e-01,7.095505086811490503e-02,-4.361678406180346385e-02
7.318708708708708821e-01,8.455966212502172286e-02,-2.320974605539783547e-02
7.327207207207206974e-01,1.151689975449567416e-01,2.270454158790713786e-02
7.335705705705706237e-01,8.023726771744998931e-02,-2.969282072559546737e-02
7.344204204204204389e-01,5.590959282686792237e-02,-6.618417274187018973e-02
7.352702702702702542e-01,9.613628031985245459e-02,-5.843812446088970762e-03
7.361201201201200695e-01,1.650591728179386930e-01,9.754063639194739121e-02
7.369699699699699957e-01,1.213855328011524404e-01,3.203048172734521137e-02
7.378198198198198110e-01,1.479104861534747961e-01,7.181810032463936677e-02
7.386696696696696263e-01,1.202603373239797546e-01,3.034306868496463097e-02
7.395195195195195526e-01,1.171915932027432355e-01,2.574024765065861461e-02
7.403693693693693678e-01,1.020782040497101306e-01,3.070272751468486588e-03
7.412192192192191831e-01,9.987596242707418026e-02,-2.327689375573574655e-04
7.420690690690691094e-01,1.014817444312180045e-01,2.176048414677508348e-03
7.429189189189189246e-01,6.660032208913196916e-02,-5.014586156597366368e-02
7.437687687687687399e-01,8.126035770339778974e-02,-2.815554647553909426e-02
7.446186186186186662e-01,5.033898378215942437e-02,-7.453749489223546187e-02
7.454684684684684814e-01,1.308983060164998213e-01,4.630181788831497919e-02
7.463183183183182967e-01,1.006484414856281817e-02,-1.349482762567112415e-01
7.471681681681682230e-01,1.216057063862960447e-01,3.236328521520660112e-02
7.480180180180180383e-01,1.481756661575191480e-01,7.221844067284548252e-02
7.488678678678678535e-01,1.312900686818417595e-01,4.689016578282656500e-02
7.497177177177176688e-01,1.219276910362338817e-01,3.284693800351453502e-02
7.505675675675675951e-01,1.057549487658378529e-01,8.587871295044461478e-03
7.514174174174174103e-01,1.837407684085638482e-01,1.255669351739542583e-01
7.522672672672672256e-01,1.470731245737702253e-01,7.056560250457019623e-02
7.531171171171171519e-01,9.203211009641665274e-02,-1.199575496448749765e-02
7.539669669669669672e-01,6.550035360225206493e-02,-5.179305125592464920e-02
7.548168168168167824e-01,6.009826998441227669e-02,-5.989623038552717438e-02
7.556666666666667087e-01,5.189946712181703337e-03,-1.422583936994906151e-01
7.565165165165165240e-01,6.495602725981163006e-02,-5.261014073107146000e-02
7.573663663663663392e-01,3.034691003332305737e-02,-1.045269695619063938e-01
7.582162162162162655e-01,4.636693194892128195e-02,-8.050713858547428603e-02
7.590660660660660808e-01,8.951097669488722319e-02,-1.580204999336663058e-02
7.599159159159158961e-01,7.542912748513577736e-02,-3.691216492974596503e-02
7.607657657657658223e-01,5.550808399853748853e-02,-6.676923359317600559e-02
7.616156156156156376e-01,1.064722229748555488e-01,9.680693224041731978e-03
7.624654654654654529e-01,1.065200837630549263e-01,9.744126904051086252e-03
7.633153153153152681e-01,8.225525416783335819e-02,-2.665705586302963281e-02
7.641651651651651944e-01,1.234089562123508177e-01,3.507219588143742350e-02
7.650150150150150097e-01,4.208811039382490821e-02,-8.690897572242783919e-02
7.658648648648648249e-01,1.044775963972307542e-01,6.675393325291504622e-03
7.667147147147147512e-01,1.087909084483805744e-01,1.314545177098147902e-02
7.675645645645645665e-01,3.915425680927068358e-02,-9.130918975441833230e-02
7.684144144144143818e-01,6.229773019106287640e-02,-5.659397321351025689e-02
7.692642642642643080e-01,1.013315952965753441e-01,1.957145242460058519e-03
7.701141141141141233e-01,1.123871792306482820e-01,1.854062155082567345e-02
7.709639639639639386e-01,2.134650655750536807e-01,1.701576302522433415e-01
7.718138138138138649e-01,7.497390155030732306e-02,-3.757887834776540287e-02
7.726636636636636801e-01,1.005786778705747286e-01,8.283571483873470578e-04
7.735135135135134954e-01,3.395399581073142714e-02,-9.910837740419281561e-02
7.743633633633633107e-01,6.111811972878705007e-02,-5.836211029491640556e-02
7.752132132132132369e-01,8.724780547476211623e-02,-1.916736755385562568e-02
7.760630630630630522e-01,3.537531368462176751e-02,-9.697591973685314171e-02
7.769129129129128675e-01,1.246292540250407144e-01,3.690509930608477929e-02
7.777627627627627938e-01,4.014987877756383272e-02,-8.981370607732577782e-02
7.786126126126126090e-01,1.195406491664141035e-01,2.927252710168207206e-02
7.794624624624624243e-01,5.900734919527664268e-02,-6.152718976066130080e-02
7.803123123123123506e-01,1.007546987026709251e-01,1.093980087439395607e-03
7.811621621621621658e-01,2.177413481473078338e-02,-1.173767295813261113e-01
7.820120120120119811e-01,8.744075476006314684e-02,-1.887656773001052113e-02
7.828618618618619074e-01,8.861275262583874490e-02,-1.711849212359152494e-02
7.837117117117117226e-01,1.071198059099073008e-01,1.064232933863239541e-02
7.845615615615615379e-01,7.920405915230875615e-02,-3.123117872244218426e-02
7.854114114114114642e-01,9.691756815983756934e-02,-4.660750516489837840e-03
7.862612612612612795e-01,1.381823441198539171e-01,5.723661829452997979e-02
7.871111111111110947e-01,5.300363345384060537e-02,-7.053136731961046069e-02
7.879609609609609100e-01,8.365192569358359531e-02,-2.455868145365592767e-02
7.888108108108108363e-01,9.869450044204594596e-02,-1.994736416858016847e-03
7.896606606606606515e-01,1.287065082704000052e-01,4.302347013535547798e-02
7.905105105105104668e-01,1.165265460103232370e-01,2.475369618114077810e-02
7.913603603603603931e-01,1.548574383436993052e-01,8.225012378901563892e-02
7.922102102102102084e-01,9.747221120224611179e-02,-3.827462427958650080e-03
7.930600600600600236e-01,9.032894284200509993e-02,-1.454231679730603848e-02
7.939099099099099499e-01,2.203117414949272435e-02,-1.169887373205247549e-01
7.947597597597597652e-01,1.715105701753453782e-01,1.072304784137936978e-01
7.956096096096095804e-01,1.304270337076628983e-01,4.560528837046978062e-02
7.964594594594595067e-01,2.414078339408149421e-01,2.120767421268021091e-01
7.973093093093093220e-01,2.065999922408112699e-01,1.598649799651276349e-01
7.981591591591591373e-01,1.444395140528203503e-01,6.662456692722087959e-02
7.990090090090090635e-01,7.116583659383217408e-02,-4.328592350834622321e-02
7.998588588588588788e-01,1.020777332575833335e-01,3.082077470407271636e-03
8.007087087087086941e-01,4.166922535258180821e-02,-8.753072746305905205e-02
8.015585585585585093e-01,1.156429455425430353e-01,2.342856551559730285e-02
8.024084084084084356e-01,2.865896378853953486e-02,-1.070513911942692908e-01
8.032582582582582509e-01,1.507256111129231801e-01,7.604101624342089749e-02
8.041081081081080661e-01,1.532030237108580606e-01,7.976107421157063726e-02
8.049579579579579924e-01,5.659173676492103289e-02,-6.513597483669082699e-02
8.058078078078078077e-01,1.145624877728020213e-01,2.182877880535714563e-02
8.066576576576576230e-01,1.034388148728436069e-01,5.134756974957644000e-03
8.075075075075075492e-01,8.535766704979320940e-02,-2.199380819279819071e-02
8.083573573573573645e-01,1.719484840272904325e-01,1.078903323207800191e-01
8.092072072072071798e-01,1.330305501670265012e-01,4.951291602119545915e-02
8.100570570570571061e-01,1.131655414410172728e-01,1.971564140470127152e-02
8.109069069069069213e-01,9.378798613185258815e-02,-9.350745166728966287e-03
8.117567567567567366e-01,2.220923213808606578e-01,1.831060278629402238e-01
8.126066066066066629e-01,1.543867462690357295e-01,8.154773739799717203e-02
8.134564564564564781e-01,1.961251047735856623e-01,1.441553977316449020e-01
8.143063063063062934e-01,1.558496485575102397e-01,8.374241987600067327e-02
8.151561561561561087e-01,1.186453040556288974e-01,2.793593410051411000e-02
8.160060060060060350e-01,1.006212848561497397e-01,9.001413921061219041e-04
8.168558558558558502e-01,7.073750358130631577e-02,-4.392547569556953801e-02
8.177057057057056655e-01,9.766943306292369398e-02,-3.527417476740960216e-03
8.185555555555555918e-01,7.427504899187332976e-02,-3.861884349498496266e-02
8.194054054054054070e-01,1.087834235221667445e-01,1.314378809038121466e-02
8.202552552552552223e-01,7.163316980405734502e-02,-4.258138340185667337e-02
8.211051051051051486e-01,6.264672793169571985e-02,-5.606099213974855000e-02
8.219549549549549639e-01,9.895543612667105637e-02,-1.597750978208878044e-03
8.228048048048047791e-01,1.004897090120291242e-01,7.037727444189340173e-04
8.236546546546547054e-01,1.276402766740571126e-01,4.142972302901262727e-02
8.245045045045045207e-01,1.197995779136307448e-01,2.966886090444847274e-02
8.253543543543543359e-01,8.431646089324493221e-02,-2.355576025773994595e-02
8.262042042042041512e-01,3.865758341043786656e-02,-9.204389054972317297e-02
8.270540540540540775e-01,1.547078500799749790e-01,8.203159934224407701e-02
8.279039039039038927e-01,5.923095139382112545e-02,-6.118362644828916064e-02
8.287537537537537080e-01,1.539351343542909867e-01,8.087280919806748292e-02
8.296036036036036343e-01,6.261096272595831347e-02,-5.611339016645120609e-02
8.304534534534534496e-01,9.171816978314008273e-02,-1.245238773069953439e-02
8.313033033033032648e-01,1.307796884799186099e-01,4.613995762462041322e-02
8.321531531531531911e-01,1.345941399034144559e-01,5.186177763835655291e-02
8.330030030030030064e-01,9.986617245662156306e-02,-2.300378228525899326e-04
8.338528528528528216e-01,1.180858400282211451e-02,-1.323163529670662308e-01
8.347027027027027479e-01,1.030474033667586609e-01,4.542069953101223086e-03
8.355525525525525632e-01,1.367675757579834561e-01,5.512237069360393510e-02
8.364024024024023785e-01,3.903259755491089028e-02,-9.147992693233097938e-02
8.372522522522523047e-01,6.343864575699403874e-02,-5.487074929311360622e-02
8.381021021021021200e-01,6.077789563122001915e-02,-5.886179242810241768e-02
8.389519519519519353e-01,9.547650501564998449e-02,-6.813687641234452384e-03
8.398018018018017505e-01,1.676339959508825472e-01,1.014225643661860604e-01
8.406516516516516768e-01,4.956369426370572234e-02,-7.568267683437195081e-02
8.415015015015014921e-01,3.665694468139245321e-02,-9.504274941793247611e-02
8.423513513513513074e-01,7.403942037833069478e-02,-3.896891872881345226e-02
8.432012012012012336e-01,8.927371334569488004e-02,-1.611730209203588587e-02
8.440510510510510489e-01,9.819169674664450509e-02,-2.740346184052593753e-03
8.449009009009008642e-01,1.134179173410234526e-01,2.009921260711938079e-02
8.457507507507507905e-01,8.149614480181019416e-02,-2.778388351298628767e-02
8.466006006006006057e-01,9.170225674600272769e-02,-1.247601579353729145e-02
8.474504504504504210e-01,8.013104081399230472e-02,-2.983640800182074324e-02
8.483003003003003473e-01,8.677138528055600153e-02,-1.987583920954820449e-02
8.491501501501501625e-01,1.124311079035587579e-01,1.862738237818833270e-02
8.499999999999999778e-01,1.670792007681933811e-01,1.006115196522320565e-01
